SCLK,LMST,LTST,LOCAL_RELATIVE_HUMIDITY,LOCAL_RELATIVE_HUMIDITY_UNCERTAINTY,HUMIDITY_LOCAL_TEMP,HUMIDITY_LOCAL_TEMP_UNCERTAINTY,VOLUME_MIXING_RATIO,VOLUME_MIXING_RATIO_UNCERTAINTY
667042498,00001M16:06:04.406,0001 15:28:34,,,274.22,,,
667042499,00001M16:06:05.379,0001 15:28:35,,,274.30,,,
667042500,00001M16:06:06.353,0001 15:28:36,,,274.30,,,
667042501,00001M16:06:07.326,0001 15:28:37,,,274.21,,,
667042502,00001M16:06:08.299,0001 15:28:38,,,274.22,,,
667042503,00001M16:06:09.272,0001 15:28:39,,,274.25,,,
667042504,00001M16:06:10.246,0001 15:28:40,,,274.27,,,
667042505,00001M16:06:11.219,0001 15:28:41,,,274.23,,,
667042506,00001M16:06:12.192,0001 15:28:42,,,274.25,,,
667042507,00001M16:06:13.165,0001 15:28:43,,,274.20,,,
667042508,00001M16:06:14.139,0001 15:28:44,,,274.30,,,
667042509,00001M16:06:15.112,0001 15:28:45,,,274.31,,,
667042510,00001M16:06:16.085,0001 15:28:46,,,274.32,,,
667042511,00001M16:06:17.058,0001 15:28:47,,,274.27,,,
667042512,00001M16:06:18.032,0001 15:28:48,,,274.23,,,
667042513,00001M16:06:19.005,0001 15:28:49,,,274.27,,,
667042514,00001M16:06:19.978,0001 15:28:50,,,274.31,,,
667042515,00001M16:06:20.951,0001 15:28:51,,,274.33,,,
667042516,00001M16:06:21.925,0001 15:28:52,,,274.30,,,
667042517,00001M16:06:22.898,0001 15:28:53,,,274.28,,,
667042518,00001M16:06:23.871,0001 15:28:54,,,274.27,,,
667042519,00001M16:06:24.844,0001 15:28:55,,,274.33,,,
667042520,00001M16:06:25.818,0001 15:28:55,,,274.32,,,
667042521,00001M16:06:26.791,0001 15:28:56,,,274.28,,,
667042522,00001M16:06:27.764,0001 15:28:57,,,274.30,,,
667042523,00001M16:06:28.737,0001 15:28:58,,,274.34,,,
667042524,00001M16:06:29.711,0001 15:28:59,,,274.28,,,
667042525,00001M16:06:30.684,0001 15:29:00,,,274.33,,,
667042526,00001M16:06:31.657,0001 15:29:01,,,274.32,,,
667042527,00001M16:06:32.630,0001 15:29:02,,,274.37,,,
667042528,00001M16:06:33.604,0001 15:29:03,,,274.30,,,
667042529,00001M16:06:34.577,0001 15:29:04,,,274.31,,,
667042530,00001M16:06:35.550,0001 15:29:05,,,274.32,,,
667042531,00001M16:06:36.523,0001 15:29:06,,,274.27,,,
667042532,00001M16:06:37.497,0001 15:29:07,,,274.30,,,
667042533,00001M16:06:38.470,0001 15:29:08,,,274.32,,,
667042534,00001M16:06:39.443,0001 15:29:09,,,274.33,,,
667042535,00001M16:06:40.416,0001 15:29:10,,,274.31,,,
667042536,00001M16:06:41.390,0001 15:29:11,,,274.35,,,
667042537,00001M16:06:42.363,0001 15:29:12,,,274.32,,,
667042538,00001M16:06:43.336,0001 15:29:13,,,274.33,,,
667042539,00001M16:06:44.309,0001 15:29:14,,,274.32,,,
667042540,00001M16:06:45.283,0001 15:29:15,,,274.34,,,
667042541,00001M16:06:46.256,0001 15:29:16,,,274.31,,,
667042542,00001M16:06:47.229,0001 15:29:17,,,274.40,,,
667042543,00001M16:06:48.202,0001 15:29:18,,,274.36,,,
667042544,00001M16:06:49.176,0001 15:29:19,,,274.32,,,
667042545,00001M16:06:50.149,0001 15:29:20,,,274.37,,,
667042546,00001M16:06:51.122,0001 15:29:21,,,274.35,,,
667042547,00001M16:06:52.095,0001 15:29:22,,,274.33,,,
667042548,00001M16:06:53.069,0001 15:29:23,,,274.33,,,
667042549,00001M16:06:54.042,0001 15:29:24,,,274.37,,,
667042550,00001M16:06:55.015,0001 15:29:25,,,274.41,,,
667042551,00001M16:06:55.988,0001 15:29:26,,,274.40,,,
667042552,00001M16:06:56.962,0001 15:29:27,,,274.32,,,
667042553,00001M16:06:57.935,0001 15:29:28,,,274.37,,,
667042554,00001M16:06:58.908,0001 15:29:29,,,274.31,,,
667042555,00001M16:06:59.881,0001 15:29:30,,,274.34,,,
667042556,00001M16:07:00.855,0001 15:29:31,,,274.40,,,
667042557,00001M16:07:01.828,0001 15:29:32,,,274.36,,,
667042558,00001M16:07:02.801,0001 15:29:32,,,274.33,,,
667042559,00001M16:07:03.774,0001 15:29:33,,,274.33,,,
667042560,00001M16:07:04.748,0001 15:29:34,,,274.34,,,
667042561,00001M16:07:05.721,0001 15:29:35,,,274.32,,,
667042562,00001M16:07:06.694,0001 15:29:36,,,274.41,,,
667042563,00001M16:07:07.667,0001 15:29:37,,,274.38,,,
667042564,00001M16:07:08.641,0001 15:29:38,,,274.38,,,
667042565,00001M16:07:09.614,0001 15:29:39,,,274.42,,,
667042566,00001M16:07:10.587,0001 15:29:40,,,274.42,,,
667042567,00001M16:07:11.560,0001 15:29:41,,,274.41,,,
667042568,00001M16:07:12.534,0001 15:29:42,,,274.44,,,
667042569,00001M16:07:13.507,0001 15:29:43,,,274.42,,,
667042570,00001M16:07:14.480,0001 15:29:44,,,274.43,,,
667042571,00001M16:07:15.453,0001 15:29:45,,,274.46,,,
667042572,00001M16:07:16.427,0001 15:29:46,,,274.39,,,
667042573,00001M16:07:17.400,0001 15:29:47,,,274.46,,,
667042574,00001M16:07:18.373,0001 15:29:48,,,274.41,,,
667042575,00001M16:07:19.346,0001 15:29:49,,,274.44,,,
667042576,00001M16:07:20.320,0001 15:29:50,,,274.48,,,
667042577,00001M16:07:21.293,0001 15:29:51,,,274.45,,,
667042578,00001M16:07:22.266,0001 15:29:52,,,274.48,,,
667042579,00001M16:07:23.239,0001 15:29:53,,,274.39,,,
667042580,00001M16:07:24.213,0001 15:29:54,,,274.46,,,
667042581,00001M16:07:25.186,0001 15:29:55,,,274.42,,,
667042582,00001M16:07:26.159,0001 15:29:56,,,274.44,,,
667042583,00001M16:07:27.132,0001 15:29:57,,,274.50,,,
667042584,00001M16:07:28.106,0001 15:29:58,,,274.46,,,
667042585,00001M16:07:29.079,0001 15:29:59,,,274.42,,,
667042586,00001M16:07:30.052,0001 15:30:00,,,274.50,,,
667042587,00001M16:07:31.025,0001 15:30:01,,,274.43,,,
667042588,00001M16:07:31.999,0001 15:30:02,,,274.44,,,
667042589,00001M16:07:32.972,0001 15:30:03,,,274.47,,,
667042590,00001M16:07:33.945,0001 15:30:04,,,274.43,,,
667042591,00001M16:07:34.918,0001 15:30:05,,,274.48,,,
667042592,00001M16:07:35.892,0001 15:30:06,,,274.50,,,
667042593,00001M16:07:36.865,0001 15:30:07,,,274.47,,,
667042594,00001M16:07:37.838,0001 15:30:08,,,274.47,,,
667042595,00001M16:07:38.811,0001 15:30:09,,,274.43,,,
667042596,00001M16:07:39.785,0001 15:30:09,,,274.46,,,
667042597,00001M16:07:40.758,0001 15:30:10,,,274.43,,,
667042598,00001M16:07:41.731,0001 15:30:11,,,274.44,,,
667042599,00001M16:07:42.704,0001 15:30:12,,,274.49,,,
667042600,00001M16:07:43.678,0001 15:30:13,,,274.47,,,
667042601,00001M16:07:44.651,0001 15:30:14,,,274.46,,,
667042602,00001M16:07:45.624,0001 15:30:15,,,274.43,,,
667042603,00001M16:07:46.597,0001 15:30:16,,,274.49,,,
667042604,00001M16:07:47.571,0001 15:30:17,,,274.55,,,
667042605,00001M16:07:48.544,0001 15:30:18,,,274.50,,,
667042606,00001M16:07:49.517,0001 15:30:19,,,274.47,,,
667042607,00001M16:07:50.490,0001 15:30:20,,,274.54,,,
667042608,00001M16:07:51.464,0001 15:30:21,,,274.54,,,
667042609,00001M16:07:52.437,0001 15:30:22,,,274.55,,,
667042610,00001M16:07:53.410,0001 15:30:23,,,274.54,,,
667042611,00001M16:07:54.383,0001 15:30:24,,,274.52,,,
667042612,00001M16:07:55.357,0001 15:30:25,,,274.55,,,
667042613,00001M16:07:56.330,0001 15:30:26,,,274.48,,,
667042614,00001M16:07:57.303,0001 15:30:27,,,274.51,,,
667042615,00001M16:07:58.276,0001 15:30:28,,,274.55,,,
667042616,00001M16:07:59.250,0001 15:30:29,,,274.52,,,
667042617,00001M16:08:00.223,0001 15:30:30,,,274.50,,,
667042618,00001M16:08:01.196,0001 15:30:31,,,274.52,,,
667042619,00001M16:08:02.169,0001 15:30:32,,,274.52,,,
667042620,00001M16:08:03.143,0001 15:30:33,,,274.52,,,
667042621,00001M16:08:04.116,0001 15:30:34,,,274.53,,,
667042622,00001M16:08:05.089,0001 15:30:35,,,274.51,,,
667042623,00001M16:08:06.063,0001 15:30:36,,,274.59,,,
667042624,00001M16:08:07.036,0001 15:30:37,,,274.52,,,
667042625,00001M16:08:08.009,0001 15:30:38,,,274.50,,,
667042626,00001M16:08:08.982,0001 15:30:39,,,274.55,,,
667042627,00001M16:08:09.956,0001 15:30:40,,,274.59,,,
667042628,00001M16:08:10.929,0001 15:30:41,,,274.54,,,
667042629,00001M16:08:11.902,0001 15:30:42,,,274.49,,,
667042630,00001M16:08:12.875,0001 15:30:43,,,274.57,,,
667042631,00001M16:08:13.849,0001 15:30:44,,,274.52,,,
667042632,00001M16:08:14.822,0001 15:30:45,,,274.53,,,
667042633,00001M16:08:15.795,0001 15:30:45,,,274.52,,,
667042634,00001M16:08:16.768,0001 15:30:46,,,274.56,,,
667042635,00001M16:08:17.742,0001 15:30:47,,,274.53,,,
667042636,00001M16:08:18.715,0001 15:30:48,,,274.52,,,
667042637,00001M16:08:19.688,0001 15:30:49,,,274.54,,,
667042638,00001M16:08:20.661,0001 15:30:50,,,274.55,,,
667042639,00001M16:08:21.635,0001 15:30:51,,,274.59,,,
667042640,00001M16:08:22.608,0001 15:30:52,,,274.55,,,
667042641,00001M16:08:23.581,0001 15:30:53,,,274.61,,,
667042642,00001M16:08:24.554,0001 15:30:54,,,274.53,,,
667042643,00001M16:08:25.528,0001 15:30:55,,,274.61,,,
667042644,00001M16:08:26.501,0001 15:30:56,,,274.58,,,
667042645,00001M16:08:27.474,0001 15:30:57,,,274.54,,,
667042646,00001M16:08:28.447,0001 15:30:58,,,274.58,,,
667042647,00001M16:08:29.421,0001 15:30:59,,,274.57,,,
667042648,00001M16:08:30.394,0001 15:31:00,,,274.59,,,
667042649,00001M16:08:31.367,0001 15:31:01,,,274.54,,,
667042650,00001M16:08:32.340,0001 15:31:02,,,274.55,,,
667042651,00001M16:08:33.314,0001 15:31:03,,,274.56,,,
667042652,00001M16:08:34.287,0001 15:31:04,,,274.62,,,
667042653,00001M16:08:35.260,0001 15:31:05,,,274.51,,,
667042654,00001M16:08:36.233,0001 15:31:06,,,274.59,,,
667042655,00001M16:08:37.207,0001 15:31:07,,,274.57,,,
667042656,00001M16:08:38.180,0001 15:31:08,,,274.60,,,
667042657,00001M16:08:39.153,0001 15:31:09,,,274.56,,,
667042658,00001M16:08:40.126,0001 15:31:10,,,274.59,,,
667042659,00001M16:08:41.100,0001 15:31:11,,,274.60,,,
667042660,00001M16:08:42.073,0001 15:31:12,,,274.51,,,
667042661,00001M16:08:43.046,0001 15:31:13,,,274.51,,,
667042662,00001M16:08:44.019,0001 15:31:14,,,274.68,,,
667042663,00001M16:08:44.993,0001 15:31:15,,,274.59,,,
667042664,00001M16:08:45.966,0001 15:31:16,,,274.60,,,
667042665,00001M16:08:46.939,0001 15:31:17,,,274.61,,,
667042666,00001M16:08:47.912,0001 15:31:18,,,274.68,,,
667042667,00001M16:08:48.886,0001 15:31:19,,,274.61,,,
667042668,00001M16:08:49.859,0001 15:31:20,,,274.69,,,
667042669,00001M16:08:50.832,0001 15:31:21,,,274.63,,,
667042670,00001M16:08:51.805,0001 15:31:22,,,274.69,,,
667042671,00001M16:08:52.779,0001 15:31:22,,,274.69,,,
667042672,00001M16:08:53.752,0001 15:31:23,,,274.63,,,
667042673,00001M16:08:54.725,0001 15:31:24,,,274.64,,,
667042674,00001M16:08:55.698,0001 15:31:25,,,274.71,,,
667042675,00001M16:08:56.672,0001 15:31:26,,,274.65,,,
667042676,00001M16:08:57.645,0001 15:31:27,,,274.69,,,
667042677,00001M16:08:58.618,0001 15:31:28,,,274.68,,,
667042678,00001M16:08:59.591,0001 15:31:29,,,274.72,,,
667042679,00001M16:09:00.565,0001 15:31:30,,,274.63,,,
667042680,00001M16:09:01.538,0001 15:31:31,,,274.67,,,
667042681,00001M16:09:02.511,0001 15:31:32,,,274.62,,,
667042682,00001M16:09:03.484,0001 15:31:33,,,274.66,,,
667042683,00001M16:09:04.458,0001 15:31:34,,,274.70,,,
667042684,00001M16:09:05.431,0001 15:31:35,,,274.62,,,
667042685,00001M16:09:06.404,0001 15:31:36,,,274.69,,,
667042686,00001M16:09:07.377,0001 15:31:37,,,274.67,,,
667042687,00001M16:09:08.351,0001 15:31:38,,,274.71,,,
667042688,00001M16:09:09.324,0001 15:31:39,,,274.68,,,
667042689,00001M16:09:10.297,0001 15:31:40,,,274.71,,,
667042690,00001M16:09:11.270,0001 15:31:41,,,274.66,,,
667042691,00001M16:09:12.244,0001 15:31:42,,,274.68,,,
667042692,00001M16:09:13.217,0001 15:31:43,,,274.66,,,
667042693,00001M16:09:14.190,0001 15:31:44,,,274.65,,,
667042694,00001M16:09:15.163,0001 15:31:45,,,274.64,,,
667042695,00001M16:09:16.137,0001 15:31:46,,,274.74,,,
667042696,00001M16:09:17.110,0001 15:31:47,,,274.70,,,
667042697,00001M16:09:18.083,0001 15:31:48,,,274.68,,,
667042698,00001M16:09:19.056,0001 15:31:49,,,274.75,,,
667042699,00001M16:09:20.030,0001 15:31:50,,,274.67,,,
667042700,00001M16:09:21.003,0001 15:31:51,,,274.69,,,
667042701,00001M16:09:21.976,0001 15:31:52,,,274.67,,,
667042702,00001M16:09:22.949,0001 15:31:53,,,274.75,,,
667042703,00001M16:09:23.923,0001 15:31:54,,,274.67,,,
667042704,00001M16:09:24.896,0001 15:31:55,,,274.69,,,
667042705,00001M16:09:25.869,0001 15:31:56,,,274.65,,,
667042706,00001M16:09:26.842,0001 15:31:57,,,274.76,,,
667042707,00001M16:09:27.816,0001 15:31:58,,,274.68,,,
667042708,00001M16:09:28.789,0001 15:31:59,,,274.73,,,
667042709,00001M16:09:29.762,0001 15:31:59,,,274.73,,,
667042710,00001M16:09:30.735,0001 15:32:00,,,274.73,,,
667042711,00001M16:09:31.709,0001 15:32:01,,,274.65,,,
667042712,00001M16:09:32.682,0001 15:32:02,,,274.71,,,
667042713,00001M16:09:33.655,0001 15:32:03,,,274.77,,,
667042714,00001M16:09:34.628,0001 15:32:04,,,274.75,,,
667042715,00001M16:09:35.602,0001 15:32:05,,,274.74,,,
667042716,00001M16:09:36.575,0001 15:32:06,,,274.73,,,
667042717,00001M16:09:37.548,0001 15:32:07,,,274.71,,,
667042718,00001M16:09:38.521,0001 15:32:08,,,274.75,,,
667042719,00001M16:09:39.495,0001 15:32:09,,,274.69,,,
667042720,00001M16:09:40.468,0001 15:32:10,,,274.74,,,
667042721,00001M16:09:41.441,0001 15:32:11,,,274.68,,,
667042722,00001M16:09:42.414,0001 15:32:12,,,274.79,,,
667042723,00001M16:09:43.388,0001 15:32:13,,,274.74,,,
667042724,00001M16:09:44.361,0001 15:32:14,,,274.79,,,
667042725,00001M16:09:45.334,0001 15:32:15,,,274.72,,,
667042726,00001M16:09:46.307,0001 15:32:16,,,274.74,,,
667042727,00001M16:09:47.281,0001 15:32:17,,,274.67,,,
667042728,00001M16:09:48.254,0001 15:32:18,,,274.77,,,
667042729,00001M16:09:49.227,0001 15:32:19,,,274.67,,,
667042730,00001M16:09:50.200,0001 15:32:20,,,274.75,,,
667042731,00001M16:09:51.174,0001 15:32:21,,,274.75,,,
667042732,00001M16:09:52.147,0001 15:32:22,,,274.72,,,
667042733,00001M16:09:53.120,0001 15:32:23,,,274.71,,,
667042734,00001M16:09:54.093,0001 15:32:24,,,274.74,,,
667042735,00001M16:09:55.067,0001 15:32:25,,,274.80,,,
667042736,00001M16:09:56.040,0001 15:32:26,,,274.73,,,
667042737,00001M16:09:57.013,0001 15:32:27,,,274.72,,,
667042738,00001M16:09:57.986,0001 15:32:28,,,274.75,,,
667042739,00001M16:09:58.960,0001 15:32:29,,,274.77,,,
667042740,00001M16:09:59.933,0001 15:32:30,,,274.69,,,
667042741,00001M16:10:00.906,0001 15:32:31,,,274.74,,,
667042742,00001M16:10:01.879,0001 15:32:32,,,274.67,,,
667042743,00001M16:10:02.853,0001 15:32:33,,,274.73,,,
667042744,00001M16:10:03.826,0001 15:32:34,,,274.72,,,
667042745,00001M16:10:04.799,0001 15:32:35,,,274.75,,,
667042746,00001M16:10:05.772,0001 15:32:36,,,274.73,,,
667042747,00001M16:10:06.746,0001 15:32:36,,,274.71,,,
667042748,00001M16:10:07.719,0001 15:32:37,,,274.76,,,
667042749,00001M16:10:08.692,0001 15:32:38,,,274.71,,,
667042750,00001M16:10:09.666,0001 15:32:39,,,274.77,,,
667042751,00001M16:10:10.639,0001 15:32:40,,,274.72,,,
667042752,00001M16:10:11.612,0001 15:32:41,,,274.69,,,
667042753,00001M16:10:12.585,0001 15:32:42,,,274.70,,,
667042754,00001M16:10:13.559,0001 15:32:43,,,274.69,,,
667042755,00001M16:10:14.532,0001 15:32:44,,,274.72,,,
667042756,00001M16:10:15.505,0001 15:32:45,,,274.73,,,
667042757,00001M16:10:16.478,0001 15:32:46,,,274.71,,,
667042758,00001M16:10:17.452,0001 15:32:47,,,274.73,,,
667042759,00001M16:10:18.425,0001 15:32:48,,,274.72,,,
667042760,00001M16:10:19.398,0001 15:32:49,,,274.73,,,
667042761,00001M16:10:20.371,0001 15:32:50,,,274.68,,,
667042762,00001M16:10:21.345,0001 15:32:51,,,274.73,,,
667042763,00001M16:10:22.318,0001 15:32:52,,,274.72,,,
667042764,00001M16:10:23.291,0001 15:32:53,,,274.65,,,
667042765,00001M16:10:24.264,0001 15:32:54,,,274.75,,,
667042766,00001M16:10:25.238,0001 15:32:55,,,274.66,,,
667042767,00001M16:10:26.211,0001 15:32:56,,,274.72,,,
667042768,00001M16:10:27.184,0001 15:32:57,,,274.74,,,
667042769,00001M16:10:28.157,0001 15:32:58,,,274.67,,,
667042770,00001M16:10:29.131,0001 15:32:59,,,274.69,,,
667042771,00001M16:10:30.104,0001 15:33:00,,,274.70,,,
667042772,00001M16:10:31.077,0001 15:33:01,,,274.71,,,
667042773,00001M16:10:32.050,0001 15:33:02,,,274.73,,,
667042774,00001M16:10:33.024,0001 15:33:03,,,274.69,,,
667042775,00001M16:10:33.997,0001 15:33:04,,,274.68,,,
667042776,00001M16:10:34.970,0001 15:33:05,,,274.67,,,
667042777,00001M16:10:35.943,0001 15:33:06,,,274.70,,,
667042778,00001M16:10:36.917,0001 15:33:07,,,274.67,,,
667042779,00001M16:10:37.890,0001 15:33:08,,,274.67,,,
667042780,00001M16:10:38.863,0001 15:33:09,,,274.63,,,
667042781,00001M16:10:39.836,0001 15:33:10,,,274.73,,,
667042782,00001M16:10:40.810,0001 15:33:11,,,274.68,,,
667042783,00001M16:10:41.783,0001 15:33:12,,,274.68,,,
667042784,00001M16:10:42.756,0001 15:33:12,,,274.72,,,
667042785,00001M16:10:43.729,0001 15:33:13,,,274.66,,,
667042786,00001M16:10:44.703,0001 15:33:14,,,274.65,,,
667042787,00001M16:10:45.676,0001 15:33:15,,,274.73,,,
667042788,00001M16:10:46.649,0001 15:33:16,,,274.64,,,
667042789,00001M16:10:47.622,0001 15:33:17,,,274.67,,,
667042790,00001M16:10:48.596,0001 15:33:18,,,274.69,,,
667042791,00001M16:10:49.569,0001 15:33:19,,,274.68,,,
667042792,00001M16:10:50.542,0001 15:33:20,,,274.71,,,
667042793,00001M16:10:51.515,0001 15:33:21,,,274.67,,,
667042794,00001M16:10:52.489,0001 15:33:22,,,274.73,,,
667042795,00001M16:10:53.462,0001 15:33:23,,,274.63,,,
667042796,00001M16:10:54.435,0001 15:33:24,,,274.61,,,
667042797,00001M16:10:55.408,0001 15:33:25,,,274.67,,,
667042798,00001M16:10:56.382,0001 15:33:26,,,274.62,,,
667042799,00001M16:10:57.355,0001 15:33:27,,,274.68,,,
667042800,00001M16:10:58.328,0001 15:33:28,,,274.62,,,
667042801,00001M16:10:59.301,0001 15:33:29,,,274.64,,,
667042802,00001M16:11:00.275,0001 15:33:30,,,274.65,,,
667042803,00001M16:11:01.248,0001 15:33:31,,,274.69,,,
667042804,00001M16:11:02.221,0001 15:33:32,,,274.68,,,
667042805,00001M16:11:03.194,0001 15:33:33,,,274.62,,,
667042806,00001M16:11:04.168,0001 15:33:34,,,274.65,,,
667042807,00001M16:11:05.141,0001 15:33:35,,,274.62,,,
667042808,00001M16:11:06.114,0001 15:33:36,,,274.60,,,
667042809,00001M16:11:07.087,0001 15:33:37,,,274.65,,,
667042810,00001M16:11:08.061,0001 15:33:38,,,274.59,,,
667042811,00001M16:11:09.034,0001 15:33:39,,,274.70,,,
667042812,00001M16:11:10.007,0001 15:33:40,,,274.66,,,
667042813,00001M16:11:10.980,0001 15:33:41,,,274.62,,,
667042814,00001M16:11:11.954,0001 15:33:42,,,274.62,,,
667042815,00001M16:11:12.927,0001 15:33:43,,,274.64,,,
667042816,00001M16:11:13.900,0001 15:33:44,,,274.59,,,
667042817,00001M16:11:14.873,0001 15:33:45,,,274.60,,,
667042818,00001M16:11:15.847,0001 15:33:46,,,274.59,,,
667042819,00001M16:11:16.820,0001 15:33:47,,,274.61,,,
667042820,00001M16:11:17.793,0001 15:33:48,,,274.63,,,
667042821,00001M16:11:18.766,0001 15:33:49,,,274.60,,,
667042822,00001M16:11:19.740,0001 15:33:49,,,274.67,,,
667042823,00001M16:11:20.713,0001 15:33:50,,,274.63,,,
667042824,00001M16:11:21.686,0001 15:33:51,,,274.68,,,
667042825,00001M16:11:22.659,0001 15:33:52,,,274.68,,,
667042826,00001M16:11:23.633,0001 15:33:53,,,274.61,,,
667042827,00001M16:11:24.606,0001 15:33:54,,,274.64,,,
667042828,00001M16:11:25.579,0001 15:33:55,,,274.59,,,
667042829,00001M16:11:26.552,0001 15:33:56,,,274.61,,,
667042830,00001M16:11:27.526,0001 15:33:57,,,274.61,,,
667042831,00001M16:11:28.499,0001 15:33:58,,,274.59,,,
667042832,00001M16:11:29.472,0001 15:33:59,,,274.58,,,
667042833,00001M16:11:30.445,0001 15:34:00,,,274.62,,,
667042834,00001M16:11:31.419,0001 15:34:01,,,274.59,,,
667042835,00001M16:11:32.392,0001 15:34:02,,,274.56,,,
667042836,00001M16:11:33.365,0001 15:34:03,,,274.62,,,
667042837,00001M16:11:34.338,0001 15:34:04,,,274.57,,,
667042838,00001M16:11:35.312,0001 15:34:05,,,274.65,,,
667042839,00001M16:11:36.285,0001 15:34:06,,,274.60,,,
667042840,00001M16:11:37.258,0001 15:34:07,,,274.61,,,
667042841,00001M16:11:38.231,0001 15:34:08,,,274.54,,,
667042842,00001M16:11:39.205,0001 15:34:09,,,274.62,,,
667042843,00001M16:11:40.178,0001 15:34:10,,,274.61,,,
667042844,00001M16:11:41.151,0001 15:34:11,,,274.65,,,
667042845,00001M16:11:42.124,0001 15:34:12,,,274.63,,,
667042846,00001M16:11:43.098,0001 15:34:13,,,274.59,,,
667042847,00001M16:11:44.071,0001 15:34:14,,,274.54,,,
667042848,00001M16:11:45.044,0001 15:34:15,,,274.61,,,
667042849,00001M16:11:46.017,0001 15:34:16,,,274.55,,,
667042850,00001M16:11:46.991,0001 15:34:17,,,274.55,,,
667042851,00001M16:11:47.964,0001 15:34:18,,,274.57,,,
667042852,00001M16:11:48.937,0001 15:34:19,,,274.60,,,
667042853,00001M16:11:49.910,0001 15:34:20,,,274.60,,,
667042854,00001M16:11:50.884,0001 15:34:21,,,274.59,,,
667042855,00001M16:11:51.857,0001 15:34:22,,,274.62,,,
667042856,00001M16:11:52.830,0001 15:34:23,,,274.61,,,
667042857,00001M16:11:53.803,0001 15:34:24,,,274.55,,,
667042858,00001M16:11:54.777,0001 15:34:25,,,274.55,,,
667042859,00001M16:11:55.750,0001 15:34:26,,,274.54,,,
667042860,00001M16:11:56.723,0001 15:34:26,,,274.60,,,
667042861,00001M16:11:57.696,0001 15:34:27,,,274.55,,,
667042862,00001M16:11:58.670,0001 15:34:28,,,274.59,,,
667042863,00001M16:11:59.643,0001 15:34:29,,,274.54,,,
667042864,00001M16:12:00.616,0001 15:34:30,,,274.52,,,
667042865,00001M16:12:01.589,0001 15:34:31,,,274.55,,,
667042866,00001M16:12:02.563,0001 15:34:32,,,274.52,,,
667042867,00001M16:12:03.536,0001 15:34:33,,,274.51,,,
667042868,00001M16:12:04.509,0001 15:34:34,,,274.54,,,
667042869,00001M16:12:05.482,0001 15:34:35,,,274.55,,,
667042870,00001M16:12:06.456,0001 15:34:36,,,274.55,,,
667042871,00001M16:12:07.429,0001 15:34:37,,,274.55,,,
667042872,00001M16:12:08.402,0001 15:34:38,,,274.49,,,
667042873,00001M16:12:09.375,0001 15:34:39,,,274.60,,,
667042874,00001M16:12:10.349,0001 15:34:40,,,274.51,,,
667042875,00001M16:12:11.322,0001 15:34:41,,,274.50,,,
667042876,00001M16:12:12.295,0001 15:34:42,,,274.54,,,
667042877,00001M16:12:13.269,0001 15:34:43,,,274.55,,,
667042878,00001M16:12:14.242,0001 15:34:44,,,274.59,,,
667042879,00001M16:12:15.215,0001 15:34:45,,,274.51,,,
667042880,00001M16:12:16.188,0001 15:34:46,,,274.47,,,
667042881,00001M16:12:17.162,0001 15:34:47,,,274.48,,,
667042882,00001M16:12:18.135,0001 15:34:48,,,274.55,,,
667042883,00001M16:12:19.108,0001 15:34:49,,,274.56,,,
667042884,00001M16:12:20.081,0001 15:34:50,,,274.45,,,
667042885,00001M16:12:21.055,0001 15:34:51,,,274.53,,,
667042886,00001M16:12:22.028,0001 15:34:52,,,274.52,,,
667042887,00001M16:12:23.001,0001 15:34:53,,,274.52,,,
667042888,00001M16:12:23.974,0001 15:34:54,,,274.45,,,
667042889,00001M16:12:24.948,0001 15:34:55,,,274.53,,,
667042890,00001M16:12:25.921,0001 15:34:56,,,274.48,,,
667042891,00001M16:12:26.894,0001 15:34:57,,,274.55,,,
667042892,00001M16:12:27.867,0001 15:34:58,,,274.52,,,
667042893,00001M16:12:28.841,0001 15:34:59,,,274.49,,,
667042894,00001M16:12:29.814,0001 15:35:00,,,274.45,,,
667042895,00001M16:12:30.787,0001 15:35:01,,,274.51,,,
667042896,00001M16:12:31.760,0001 15:35:02,,,274.52,,,
667042897,00001M16:12:32.734,0001 15:35:02,,,274.52,,,
667042898,00001M16:12:33.707,0001 15:35:03,,,274.45,,,
667042899,00001M16:12:34.680,0001 15:35:04,,,274.43,,,
667042900,00001M16:12:35.653,0001 15:35:05,,,274.44,,,
667042901,00001M16:12:36.627,0001 15:35:06,,,274.45,,,
667042902,00001M16:12:37.600,0001 15:35:07,,,274.49,,,
667042903,00001M16:12:38.573,0001 15:35:08,,,274.48,,,
667042904,00001M16:12:39.546,0001 15:35:09,,,274.49,,,
667042905,00001M16:12:40.520,0001 15:35:10,,,274.46,,,
667042906,00001M16:12:41.493,0001 15:35:11,,,274.48,,,
667042907,00001M16:12:42.466,0001 15:35:12,,,274.46,,,
667042908,00001M16:12:43.439,0001 15:35:13,,,274.45,,,
667042909,00001M16:12:44.413,0001 15:35:14,,,274.44,,,
667042910,00001M16:12:45.386,0001 15:35:15,,,274.45,,,
667042911,00001M16:12:46.359,0001 15:35:16,,,274.49,,,
667042912,00001M16:12:47.332,0001 15:35:17,,,274.49,,,
667042913,00001M16:12:48.306,0001 15:35:18,,,274.46,,,
667042914,00001M16:12:49.279,0001 15:35:19,,,274.49,,,
667042915,00001M16:12:50.252,0001 15:35:20,,,274.47,,,
667042916,00001M16:12:51.225,0001 15:35:21,,,274.45,,,
667042917,00001M16:12:52.199,0001 15:35:22,,,274.49,,,
667042918,00001M16:12:53.172,0001 15:35:23,,,274.49,,,
667042919,00001M16:12:54.145,0001 15:35:24,,,274.47,,,
667042920,00001M16:12:55.118,0001 15:35:25,,,274.50,,,
667042921,00001M16:12:56.092,0001 15:35:26,,,274.46,,,
667042922,00001M16:12:57.065,0001 15:35:27,,,274.50,,,
667042923,00001M16:12:58.038,0001 15:35:28,,,274.46,,,
667042924,00001M16:12:59.011,0001 15:35:29,,,274.43,,,
667042925,00001M16:12:59.985,0001 15:35:30,,,274.52,,,
667042926,00001M16:13:00.958,0001 15:35:31,,,274.50,,,
667042927,00001M16:13:01.931,0001 15:35:32,,,274.46,,,
667042928,00001M16:13:02.904,0001 15:35:33,,,274.53,,,
667042929,00001M16:13:03.878,0001 15:35:34,,,274.53,,,
667042930,00001M16:13:04.851,0001 15:35:35,,,274.48,,,
667042931,00001M16:13:05.824,0001 15:35:36,,,274.44,,,
667042932,00001M16:13:06.797,0001 15:35:37,,,274.47,,,
667042933,00001M16:13:07.771,0001 15:35:38,,,274.47,,,
667042934,00001M16:13:08.744,0001 15:35:39,,,274.52,,,
667042935,00001M16:13:09.717,0001 15:35:39,,,274.50,,,
667042936,00001M16:13:10.690,0001 15:35:40,,,274.48,,,
667042937,00001M16:13:11.664,0001 15:35:41,,,274.47,,,
667042938,00001M16:13:12.637,0001 15:35:42,,,274.52,,,
667042939,00001M16:13:13.610,0001 15:35:43,,,274.46,,,
667042940,00001M16:13:14.583,0001 15:35:44,,,274.46,,,
667042941,00001M16:13:15.557,0001 15:35:45,,,274.46,,,
667042942,00001M16:13:16.530,0001 15:35:46,,,274.47,,,
667042943,00001M16:13:17.503,0001 15:35:47,,,274.46,,,
667042944,00001M16:13:18.476,0001 15:35:48,,,274.46,,,
667042945,00001M16:13:19.450,0001 15:35:49,,,274.46,,,
667042946,00001M16:13:20.423,0001 15:35:50,,,274.47,,,
667042947,00001M16:13:21.396,0001 15:35:51,,,274.50,,,
667042948,00001M16:13:22.369,0001 15:35:52,,,274.46,,,
667042949,00001M16:13:23.343,0001 15:35:53,,,274.46,,,
667042950,00001M16:13:24.316,0001 15:35:54,,,274.43,,,
667042951,00001M16:13:25.289,0001 15:35:55,,,274.40,,,
667042952,00001M16:13:26.262,0001 15:35:56,,,274.43,,,
667042953,00001M16:13:27.236,0001 15:35:57,,,274.49,,,
667042954,00001M16:13:28.209,0001 15:35:58,,,274.49,,,
667042955,00001M16:13:29.182,0001 15:35:59,,,274.40,,,
667042956,00001M16:13:30.155,0001 15:36:00,,,274.46,,,
667042957,00001M16:13:31.129,0001 15:36:01,,,274.44,,,
667042958,00001M16:13:32.102,0001 15:36:02,,,274.47,,,
667042959,00001M16:13:33.075,0001 15:36:03,,,274.44,,,
667042960,00001M16:13:34.048,0001 15:36:04,,,274.40,,,
667042961,00001M16:13:35.022,0001 15:36:05,,,274.47,,,
667042962,00001M16:13:35.995,0001 15:36:06,,,274.46,,,
667042963,00001M16:13:36.968,0001 15:36:07,,,274.45,,,
667042964,00001M16:13:37.941,0001 15:36:08,,,274.38,,,
667042965,00001M16:13:38.915,0001 15:36:09,,,274.43,,,
667042966,00001M16:13:39.888,0001 15:36:10,,,274.43,,,
667042967,00001M16:13:40.861,0001 15:36:11,,,274.43,,,
667042968,00001M16:13:41.834,0001 15:36:12,,,274.44,,,
667042969,00001M16:13:42.808,0001 15:36:13,,,274.40,,,
667042970,00001M16:13:43.781,0001 15:36:14,,,274.41,,,
667042971,00001M16:13:44.754,0001 15:36:15,,,274.40,,,
667042972,00001M16:13:45.727,0001 15:36:16,,,274.40,,,
667042973,00001M16:13:46.701,0001 15:36:16,,,274.45,,,
667042974,00001M16:13:47.674,0001 15:36:17,,,274.40,,,
667042975,00001M16:13:48.647,0001 15:36:18,,,274.37,,,
667042976,00001M16:13:49.620,0001 15:36:19,,,274.40,,,
667042977,00001M16:13:50.594,0001 15:36:20,,,274.35,,,
667042978,00001M16:13:51.567,0001 15:36:21,,,274.45,,,
667042979,00001M16:13:52.540,0001 15:36:22,,,274.40,,,
667042980,00001M16:13:53.513,0001 15:36:23,,,274.39,,,
667042981,00001M16:13:54.487,0001 15:36:24,,,274.40,,,
667042982,00001M16:13:55.460,0001 15:36:25,,,274.34,,,
667042983,00001M16:13:56.433,0001 15:36:26,,,274.37,,,
667042984,00001M16:13:57.406,0001 15:36:27,,,274.42,,,
667042985,00001M16:13:58.380,0001 15:36:28,,,274.37,,,
667042986,00001M16:13:59.353,0001 15:36:29,,,274.37,,,
667042987,00001M16:14:00.326,0001 15:36:30,,,274.39,,,
667042988,00001M16:14:01.299,0001 15:36:31,,,274.36,,,
667042989,00001M16:14:02.273,0001 15:36:32,,,274.33,,,
667042990,00001M16:14:03.246,0001 15:36:33,,,274.38,,,
667042991,00001M16:14:04.219,0001 15:36:34,,,274.37,,,
667042992,00001M16:14:05.192,0001 15:36:35,,,274.38,,,
667042993,00001M16:14:06.166,0001 15:36:36,,,274.41,,,
667042994,00001M16:14:07.139,0001 15:36:37,,,274.38,,,
667042995,00001M16:14:08.112,0001 15:36:38,,,274.42,,,
667042996,00001M16:14:09.085,0001 15:36:39,,,274.35,,,
667042997,00001M16:14:10.059,0001 15:36:40,,,274.37,,,
667042998,00001M16:14:11.032,0001 15:36:41,,,274.38,,,
667042999,00001M16:14:12.005,0001 15:36:42,,,274.34,,,
667043000,00001M16:14:12.978,0001 15:36:43,,,274.34,,,
667043001,00001M16:14:13.952,0001 15:36:44,,,274.37,,,
667043002,00001M16:14:14.925,0001 15:36:45,,,274.40,,,
667043003,00001M16:14:15.898,0001 15:36:46,,,274.35,,,
667043004,00001M16:14:16.872,0001 15:36:47,,,274.31,,,
667043005,00001M16:14:17.845,0001 15:36:48,,,274.30,,,
667043006,00001M16:14:18.818,0001 15:36:49,,,274.38,,,
667043007,00001M16:14:19.791,0001 15:36:50,,,274.35,,,
667043008,00001M16:14:20.765,0001 15:36:51,,,274.34,,,
667043009,00001M16:14:21.738,0001 15:36:52,,,274.36,,,
667043010,00001M16:14:22.711,0001 15:36:52,,,274.30,,,
667043011,00001M16:14:23.684,0001 15:36:53,,,274.36,,,
667043012,00001M16:14:24.658,0001 15:36:54,,,274.32,,,
667043013,00001M16:14:25.631,0001 15:36:55,,,274.34,,,
667043014,00001M16:14:26.604,0001 15:36:56,,,274.37,,,
667043015,00001M16:14:27.577,0001 15:36:57,,,274.34,,,
667043016,00001M16:14:28.551,0001 15:36:58,,,274.37,,,
667043017,00001M16:14:29.524,0001 15:36:59,,,274.29,,,
667043018,00001M16:14:30.497,0001 15:37:00,,,274.32,,,
667043019,00001M16:14:31.470,0001 15:37:01,,,274.40,,,
667043020,00001M16:14:32.444,0001 15:37:02,,,274.31,,,
667043021,00001M16:14:33.417,0001 15:37:03,,,274.36,,,
667043022,00001M16:14:34.390,0001 15:37:04,,,274.39,,,
667043023,00001M16:14:35.363,0001 15:37:05,,,274.36,,,
667043024,00001M16:14:36.337,0001 15:37:06,,,274.34,,,
667043025,00001M16:14:37.310,0001 15:37:07,,,274.32,,,
667043026,00001M16:14:38.283,0001 15:37:08,,,274.33,,,
667043027,00001M16:14:39.256,0001 15:37:09,,,274.33,,,
667043028,00001M16:14:40.230,0001 15:37:10,,,274.28,,,
667043029,00001M16:14:41.203,0001 15:37:11,,,274.29,,,
667043030,00001M16:14:42.176,0001 15:37:12,,,274.32,,,
667043031,00001M16:14:43.149,0001 15:37:13,,,274.33,,,
667043032,00001M16:14:44.123,0001 15:37:14,,,274.34,,,
667043033,00001M16:14:45.096,0001 15:37:15,,,274.34,,,
667043034,00001M16:14:46.069,0001 15:37:16,,,274.29,,,
667043035,00001M16:14:47.042,0001 15:37:17,,,274.31,,,
667043036,00001M16:14:48.016,0001 15:37:18,,,274.29,,,
667043037,00001M16:14:48.989,0001 15:37:19,,,274.33,,,
667043038,00001M16:14:49.962,0001 15:37:20,,,274.32,,,
667043039,00001M16:14:50.935,0001 15:37:21,,,274.30,,,
667043040,00001M16:14:51.909,0001 15:37:22,,,274.34,,,
667043041,00001M16:14:52.882,0001 15:37:23,,,274.28,,,
667043042,00001M16:14:53.855,0001 15:37:24,,,274.35,,,
667043043,00001M16:14:54.828,0001 15:37:25,,,274.33,,,
667043044,00001M16:14:55.802,0001 15:37:26,,,274.36,,,
667043045,00001M16:14:56.775,0001 15:37:27,,,274.35,,,
667043046,00001M16:14:57.748,0001 15:37:28,,,274.41,,,
667043047,00001M16:14:58.721,0001 15:37:29,,,274.33,,,
667043048,00001M16:14:59.695,0001 15:37:29,,,274.34,,,
667043049,00001M16:15:00.668,0001 15:37:30,,,274.38,,,
667043050,00001M16:15:01.641,0001 15:37:31,,,274.34,,,
667043051,00001M16:15:02.614,0001 15:37:32,,,274.38,,,
667043052,00001M16:15:03.588,0001 15:37:33,,,274.36,,,
667043053,00001M16:15:04.561,0001 15:37:34,,,274.34,,,
667043054,00001M16:15:05.534,0001 15:37:35,,,274.38,,,
667043055,00001M16:15:06.507,0001 15:37:36,,,274.40,,,
667043056,00001M16:15:07.481,0001 15:37:37,,,274.39,,,
667043057,00001M16:15:08.454,0001 15:37:38,,,274.40,,,
667043058,00001M16:15:09.427,0001 15:37:39,,,274.38,,,
667043059,00001M16:15:10.400,0001 15:37:40,,,274.40,,,
667043060,00001M16:15:11.374,0001 15:37:41,,,274.30,,,
667043061,00001M16:15:12.347,0001 15:37:42,,,274.38,,,
667043062,00001M16:15:13.320,0001 15:37:43,,,274.34,,,
667043063,00001M16:15:14.293,0001 15:37:44,,,274.36,,,
667043064,00001M16:15:15.267,0001 15:37:45,,,274.42,,,
667043065,00001M16:15:16.240,0001 15:37:46,,,274.33,,,
667043066,00001M16:15:17.213,0001 15:37:47,,,274.31,,,
667043067,00001M16:15:18.186,0001 15:37:48,,,274.36,,,
667043068,00001M16:15:19.160,0001 15:37:49,,,274.34,,,
667043069,00001M16:15:20.133,0001 15:37:50,,,274.39,,,
667043070,00001M16:15:21.106,0001 15:37:51,,,274.36,,,
667043071,00001M16:15:22.079,0001 15:37:52,,,274.41,,,
667043072,00001M16:15:23.053,0001 15:37:53,,,274.33,,,
667043073,00001M16:15:24.026,0001 15:37:54,,,274.34,,,
667043074,00001M16:15:24.999,0001 15:37:55,,,274.37,,,
667043075,00001M16:15:25.972,0001 15:37:56,,,274.37,,,
667043076,00001M16:15:26.946,0001 15:37:57,,,274.37,,,
667043077,00001M16:15:27.919,0001 15:37:58,,,274.33,,,
667043078,00001M16:15:28.892,0001 15:37:59,,,274.32,,,
667043079,00001M16:15:29.865,0001 15:38:00,,,274.37,,,
667043080,00001M16:15:30.839,0001 15:38:01,,,274.35,,,
667043081,00001M16:15:31.812,0001 15:38:02,,,274.32,,,
667043082,00001M16:15:32.785,0001 15:38:03,,,274.37,,,
667043083,00001M16:15:33.758,0001 15:38:04,,,274.40,,,
667043084,00001M16:15:34.732,0001 15:38:05,,,274.35,,,
667043085,00001M16:15:35.705,0001 15:38:06,,,274.32,,,
667043086,00001M16:15:36.678,0001 15:38:06,,,274.34,,,
667043087,00001M16:15:37.651,0001 15:38:07,,,274.38,,,
667043088,00001M16:15:38.625,0001 15:38:08,,,274.34,,,
667043089,00001M16:15:39.598,0001 15:38:09,,,274.40,,,
667043090,00001M16:15:40.571,0001 15:38:10,,,274.34,,,
667043091,00001M16:15:41.544,0001 15:38:11,,,274.34,,,
667043092,00001M16:15:42.518,0001 15:38:12,,,274.40,,,
667043093,00001M16:15:43.491,0001 15:38:13,,,274.30,,,
667043094,00001M16:15:44.464,0001 15:38:14,,,274.37,,,
667043095,00001M16:15:45.437,0001 15:38:15,,,274.36,,,
667043096,00001M16:15:46.411,0001 15:38:16,,,274.36,,,
667043097,00001M16:15:47.384,0001 15:38:17,,,274.38,,,
667043098,00001M16:15:48.357,0001 15:38:18,,,274.34,,,
667043099,00001M16:15:49.330,0001 15:38:19,,,274.32,,,
667043100,00001M16:15:50.304,0001 15:38:20,,,274.32,,,
667043101,00001M16:15:51.277,0001 15:38:21,,,274.37,,,
667043102,00001M16:15:52.250,0001 15:38:22,,,274.34,,,
667043103,00001M16:15:53.223,0001 15:38:23,,,274.35,,,
667043104,00001M16:15:54.197,0001 15:38:24,,,274.33,,,
667043105,00001M16:15:55.170,0001 15:38:25,,,274.33,,,
667043106,00001M16:15:56.143,0001 15:38:26,,,274.33,,,
667043107,00001M16:15:57.116,0001 15:38:27,,,274.33,,,
667043108,00001M16:15:58.090,0001 15:38:28,,,274.31,,,
667043109,00001M16:15:59.063,0001 15:38:29,,,274.31,,,
667043110,00001M16:16:00.036,0001 15:38:30,,,274.34,,,
667043111,00001M16:16:01.009,0001 15:38:31,,,274.31,,,
667043112,00001M16:16:01.983,0001 15:38:32,,,274.34,,,
667043113,00001M16:16:02.956,0001 15:38:33,,,274.33,,,
667043114,00001M16:16:03.929,0001 15:38:34,,,274.32,,,
667043115,00001M16:16:04.902,0001 15:38:35,,,274.31,,,
667043116,00001M16:16:05.876,0001 15:38:36,,,274.31,,,
667043117,00001M16:16:06.849,0001 15:38:37,,,274.33,,,
667043118,00001M16:16:07.822,0001 15:38:38,,,274.31,,,
667043119,00001M16:16:08.795,0001 15:38:39,,,274.31,,,
667043120,00001M16:16:09.769,0001 15:38:40,,,274.37,,,
667043121,00001M16:16:10.742,0001 15:38:41,,,274.31,,,
667043122,00001M16:16:11.715,0001 15:38:42,,,274.30,,,
667043123,00001M16:16:12.688,0001 15:38:43,,,274.32,,,
667043124,00001M16:16:13.662,0001 15:38:43,,,274.32,,,
667043125,00001M16:16:14.635,0001 15:38:44,,,274.31,,,
667043126,00001M16:16:15.608,0001 15:38:45,,,274.30,,,
667043127,00001M16:16:16.581,0001 15:38:46,,,274.34,,,
667043128,00001M16:16:17.555,0001 15:38:47,,,274.27,,,
667043129,00001M16:16:18.528,0001 15:38:48,,,274.27,,,
667043130,00001M16:16:19.501,0001 15:38:49,,,274.34,,,
667043131,00001M16:16:20.475,0001 15:38:50,,,274.30,,,
667043132,00001M16:16:21.448,0001 15:38:51,,,274.37,,,
667043133,00001M16:16:22.421,0001 15:38:52,,,274.32,,,
667043134,00001M16:16:23.394,0001 15:38:53,,,274.31,,,
667043135,00001M16:16:24.368,0001 15:38:54,,,274.34,,,
667043136,00001M16:16:25.341,0001 15:38:55,,,274.26,,,
667043137,00001M16:16:26.314,0001 15:38:56,,,274.30,,,
667043138,00001M16:16:27.287,0001 15:38:57,,,274.32,,,
667043139,00001M16:16:28.261,0001 15:38:58,,,274.33,,,
667043140,00001M16:16:29.234,0001 15:38:59,,,274.32,,,
667043141,00001M16:16:30.207,0001 15:39:00,,,274.28,,,
667043142,00001M16:16:31.180,0001 15:39:01,,,274.33,,,
667043143,00001M16:16:32.154,0001 15:39:02,,,274.27,,,
667043144,00001M16:16:33.127,0001 15:39:03,,,274.27,,,
667043145,00001M16:16:34.100,0001 15:39:04,,,274.30,,,
667043146,00001M16:16:35.073,0001 15:39:05,,,274.32,,,
667043147,00001M16:16:36.047,0001 15:39:06,,,274.29,,,
667043148,00001M16:16:37.020,0001 15:39:07,,,274.34,,,
667043149,00001M16:16:37.993,0001 15:39:08,,,274.31,,,
667043150,00001M16:16:38.966,0001 15:39:09,,,274.28,,,
667043151,00001M16:16:39.940,0001 15:39:10,,,274.32,,,
667043152,00001M16:16:40.913,0001 15:39:11,,,274.30,,,
667043153,00001M16:16:41.886,0001 15:39:12,,,274.35,,,
667043154,00001M16:16:42.859,0001 15:39:13,,,274.27,,,
667043155,00001M16:16:43.833,0001 15:39:14,,,274.24,,,
667043156,00001M16:16:44.806,0001 15:39:15,,,274.30,,,
667043157,00001M16:16:45.779,0001 15:39:16,,,274.24,,,
667043158,00001M16:16:46.752,0001 15:39:17,,,274.34,,,
667043159,00001M16:16:47.726,0001 15:39:18,,,274.28,,,
667043160,00001M16:16:48.699,0001 15:39:19,,,274.30,,,
667043161,00001M16:16:49.672,0001 15:39:19,,,274.27,,,
667043162,00001M16:16:50.645,0001 15:39:20,,,274.27,,,
667043163,00001M16:16:51.619,0001 15:39:21,,,274.35,,,
667043164,00001M16:16:52.592,0001 15:39:22,,,274.35,,,
667043165,00001M16:16:53.565,0001 15:39:23,,,274.33,,,
667043166,00001M16:16:54.538,0001 15:39:24,,,274.37,,,
667043167,00001M16:16:55.512,0001 15:39:25,,,274.30,,,
667043168,00001M16:16:56.485,0001 15:39:26,,,274.35,,,
667043169,00001M16:16:57.458,0001 15:39:27,,,274.30,,,
667043170,00001M16:16:58.431,0001 15:39:28,,,274.29,,,
667043171,00001M16:16:59.405,0001 15:39:29,,,274.32,,,
667043172,00001M16:17:00.378,0001 15:39:30,,,274.35,,,
667043173,00001M16:17:01.351,0001 15:39:31,,,274.26,,,
667043174,00001M16:17:02.324,0001 15:39:32,,,274.33,,,
667043175,00001M16:17:03.298,0001 15:39:33,,,274.27,,,
667043176,00001M16:17:04.271,0001 15:39:34,,,274.36,,,
667043177,00001M16:17:05.244,0001 15:39:35,,,274.38,,,
667043178,00001M16:17:06.217,0001 15:39:36,,,274.35,,,
667043179,00001M16:17:07.191,0001 15:39:37,,,274.35,,,
667043180,00001M16:17:08.164,0001 15:39:38,,,274.28,,,
667043181,00001M16:17:09.137,0001 15:39:39,,,274.31,,,
667043182,00001M16:17:10.110,0001 15:39:40,,,274.31,,,
667043183,00001M16:17:11.084,0001 15:39:41,,,274.34,,,
667043184,00001M16:17:12.057,0001 15:39:42,,,274.32,,,
667043185,00001M16:17:13.030,0001 15:39:43,,,274.31,,,
667043186,00001M16:17:14.003,0001 15:39:44,,,274.33,,,
667043187,00001M16:17:14.977,0001 15:39:45,,,274.32,,,
667043188,00001M16:17:15.950,0001 15:39:46,,,274.33,,,
667043189,00001M16:17:16.923,0001 15:39:47,,,274.34,,,
667043190,00001M16:17:17.896,0001 15:39:48,,,274.32,,,
667043191,00001M16:17:18.870,0001 15:39:49,,,274.27,,,
667043192,00001M16:17:19.843,0001 15:39:50,,,274.35,,,
667043193,00001M16:17:20.816,0001 15:39:51,,,274.27,,,
667043194,00001M16:17:21.789,0001 15:39:52,,,274.33,,,
667043195,00001M16:17:22.763,0001 15:39:53,,,274.33,,,
667043196,00001M16:17:23.736,0001 15:39:54,,,274.32,,,
667043197,00001M16:17:24.709,0001 15:39:55,,,274.32,,,
667043198,00001M16:17:25.682,0001 15:39:56,,,274.35,,,
667043199,00001M16:17:26.656,0001 15:39:56,,,274.30,,,
667043200,00001M16:17:27.629,0001 15:39:57,,,274.27,,,
667043201,00001M16:17:28.602,0001 15:39:58,,,274.31,,,
667043202,00001M16:17:29.575,0001 15:39:59,,,274.31,,,
667043203,00001M16:17:30.549,0001 15:40:00,,,274.25,,,
667043204,00001M16:17:31.522,0001 15:40:01,,,274.37,,,
667043205,00001M16:17:32.495,0001 15:40:02,,,274.27,,,
667043206,00001M16:17:33.468,0001 15:40:03,,,274.32,,,
667043207,00001M16:17:34.442,0001 15:40:04,,,274.29,,,
667043208,00001M16:17:35.415,0001 15:40:05,,,274.30,,,
667043209,00001M16:17:36.388,0001 15:40:06,,,274.33,,,
667043210,00001M16:17:37.361,0001 15:40:07,,,274.34,,,
667043211,00001M16:17:38.335,0001 15:40:08,,,274.34,,,
667043212,00001M16:17:39.308,0001 15:40:09,,,274.30,,,
667043213,00001M16:17:40.281,0001 15:40:10,,,274.25,,,
667043214,00001M16:17:41.254,0001 15:40:11,,,274.27,,,
667043215,00001M16:17:42.228,0001 15:40:12,,,274.28,,,
667043216,00001M16:17:43.201,0001 15:40:13,,,274.37,,,
667043217,00001M16:17:44.174,0001 15:40:14,,,274.36,,,
667043218,00001M16:17:45.147,0001 15:40:15,,,274.32,,,
667043219,00001M16:17:46.121,0001 15:40:16,,,274.28,,,
667043220,00001M16:17:47.094,0001 15:40:17,,,274.25,,,
667043221,00001M16:17:48.067,0001 15:40:18,,,274.26,,,
667043222,00001M16:17:49.040,0001 15:40:19,,,274.25,,,
667043223,00001M16:17:50.014,0001 15:40:20,,,274.31,,,
667043224,00001M16:17:50.987,0001 15:40:21,,,274.34,,,
667043225,00001M16:17:51.960,0001 15:40:22,,,274.34,,,
667043226,00001M16:17:52.933,0001 15:40:23,,,274.29,,,
667043227,00001M16:17:53.907,0001 15:40:24,,,274.30,,,
667043228,00001M16:17:54.880,0001 15:40:25,,,274.27,,,
667043229,00001M16:17:55.853,0001 15:40:26,,,274.30,,,
667043230,00001M16:17:56.826,0001 15:40:27,,,274.27,,,
667043231,00001M16:17:57.800,0001 15:40:28,,,274.34,,,
667043232,00001M16:17:58.773,0001 15:40:29,,,274.32,,,
667043233,00001M16:17:59.746,0001 15:40:30,,,274.33,,,
667043234,00001M16:18:00.719,0001 15:40:31,,,274.31,,,
667043235,00001M16:18:01.693,0001 15:40:32,,,274.31,,,
667043236,00001M16:18:02.666,0001 15:40:33,,,274.30,,,
667043237,00001M16:18:03.639,0001 15:40:33,,,274.29,,,
667043238,00001M16:18:04.612,0001 15:40:34,,,274.32,,,
667043239,00001M16:18:05.586,0001 15:40:35,,,274.30,,,
667043240,00001M16:18:06.559,0001 15:40:36,,,274.30,,,
667043241,00001M16:18:07.532,0001 15:40:37,,,274.28,,,
667043242,00001M16:18:08.505,0001 15:40:38,,,274.33,,,
667043243,00001M16:18:09.479,0001 15:40:39,,,274.33,,,
667043244,00001M16:18:10.452,0001 15:40:40,,,274.34,,,
667043245,00001M16:18:11.425,0001 15:40:41,,,274.31,,,
667043246,00001M16:18:12.398,0001 15:40:42,,,274.28,,,
667043247,00001M16:18:13.372,0001 15:40:43,,,274.35,,,
667043248,00001M16:18:14.345,0001 15:40:44,,,274.28,,,
667043249,00001M16:18:15.318,0001 15:40:45,,,274.34,,,
667043250,00001M16:18:16.291,0001 15:40:46,,,274.25,,,
667043251,00001M16:18:17.265,0001 15:40:47,,,274.32,,,
667043252,00001M16:18:18.238,0001 15:40:48,,,274.29,,,
667043253,00001M16:18:19.211,0001 15:40:49,,,274.29,,,
667043254,00001M16:18:20.184,0001 15:40:50,,,274.33,,,
667043255,00001M16:18:21.158,0001 15:40:51,,,274.30,,,
667043256,00001M16:18:22.131,0001 15:40:52,,,274.27,,,
667043257,00001M16:18:23.104,0001 15:40:53,,,274.25,,,
667043258,00001M16:18:24.078,0001 15:40:54,,,274.28,,,
667043259,00001M16:18:25.051,0001 15:40:55,,,274.28,,,
667043260,00001M16:18:26.024,0001 15:40:56,,,274.30,,,
667043261,00001M16:18:26.997,0001 15:40:57,,,274.23,,,
667043262,00001M16:18:27.971,0001 15:40:58,,,274.29,,,
667043263,00001M16:18:28.944,0001 15:40:59,,,274.33,,,
667043264,00001M16:18:29.917,0001 15:41:00,,,274.31,,,
667043265,00001M16:18:30.890,0001 15:41:01,,,274.28,,,
667043266,00001M16:18:31.864,0001 15:41:02,,,274.22,,,
667043267,00001M16:18:32.837,0001 15:41:03,,,274.23,,,
667043268,00001M16:18:33.810,0001 15:41:04,,,274.24,,,
667043269,00001M16:18:34.783,0001 15:41:05,,,274.30,,,
667043270,00001M16:18:35.757,0001 15:41:06,,,274.25,,,
667043271,00001M16:18:36.730,0001 15:41:07,,,274.24,,,
667043272,00001M16:18:37.703,0001 15:41:08,,,274.26,,,
667043273,00001M16:18:38.676,0001 15:41:09,,,274.27,,,
667043274,00001M16:18:39.650,0001 15:41:09,,,274.24,,,
667043275,00001M16:18:40.623,0001 15:41:10,,,274.31,,,
667043276,00001M16:18:41.596,0001 15:41:11,,,274.25,,,
667043277,00001M16:18:42.569,0001 15:41:12,,,274.23,,,
667043278,00001M16:18:43.543,0001 15:41:13,,,274.22,,,
667043279,00001M16:18:44.516,0001 15:41:14,,,274.28,,,
667043280,00001M16:18:45.489,0001 15:41:15,,,274.26,,,
667043281,00001M16:18:46.462,0001 15:41:16,,,274.23,,,
667043282,00001M16:18:47.436,0001 15:41:17,,,274.27,,,
667043283,00001M16:18:48.409,0001 15:41:18,,,274.22,,,
667043284,00001M16:18:49.382,0001 15:41:19,,,274.23,,,
667043285,00001M16:18:50.355,0001 15:41:20,,,274.23,,,
667043286,00001M16:18:51.329,0001 15:41:21,,,274.27,,,
667043287,00001M16:18:52.302,0001 15:41:22,,,274.25,,,
667043288,00001M16:18:53.275,0001 15:41:23,,,274.21,,,
667043289,00001M16:18:54.248,0001 15:41:24,,,274.24,,,
667043290,00001M16:18:55.222,0001 15:41:25,,,274.21,,,
667043291,00001M16:18:56.195,0001 15:41:26,,,274.25,,,
667043292,00001M16:18:57.168,0001 15:41:27,,,274.25,,,
667043293,00001M16:18:58.141,0001 15:41:28,,,274.26,,,
667043294,00001M16:18:59.115,0001 15:41:29,,,274.20,,,
667043295,00001M16:19:00.088,0001 15:41:30,,,274.24,,,
667043296,00001M16:19:01.061,0001 15:41:31,,,274.24,,,
667043297,00001M16:19:02.034,0001 15:41:32,,,274.27,,,
667043298,00001M16:19:03.008,0001 15:41:33,,,274.27,,,
667043299,00001M16:19:03.981,0001 15:41:34,,,274.25,,,
667043300,00001M16:19:04.954,0001 15:41:35,,,274.22,,,
667043301,00001M16:19:05.927,0001 15:41:36,,,274.23,,,
667043302,00001M16:19:06.901,0001 15:41:37,,,274.27,,,
667043303,00001M16:19:07.874,0001 15:41:38,,,274.21,,,
667043304,00001M16:19:08.847,0001 15:41:39,,,274.24,,,
667043305,00001M16:19:09.820,0001 15:41:40,,,274.26,,,
667043306,00001M16:19:10.794,0001 15:41:41,,,274.23,,,
667043307,00001M16:19:11.767,0001 15:41:42,,,274.27,,,
667043308,00001M16:19:12.740,0001 15:41:43,,,274.28,,,
667043309,00001M16:19:13.713,0001 15:41:44,,,274.27,,,
667043310,00001M16:19:14.687,0001 15:41:45,,,274.25,,,
667043311,00001M16:19:15.660,0001 15:41:46,,,274.18,,,
667043312,00001M16:19:16.633,0001 15:41:46,,,274.22,,,
667043313,00001M16:19:17.606,0001 15:41:47,,,274.19,,,
667043314,00001M16:19:18.580,0001 15:41:48,,,274.26,,,
667043315,00001M16:19:19.553,0001 15:41:49,,,274.22,,,
667043316,00001M16:19:20.526,0001 15:41:50,,,274.22,,,
667043317,00001M16:19:21.499,0001 15:41:51,,,274.28,,,
667043318,00001M16:19:22.473,0001 15:41:52,,,274.28,,,
667043319,00001M16:19:23.446,0001 15:41:53,,,274.26,,,
667043320,00001M16:19:24.419,0001 15:41:54,,,274.26,,,
667043321,00001M16:19:25.392,0001 15:41:55,,,274.27,,,
667043322,00001M16:19:26.366,0001 15:41:56,,,274.26,,,
667043323,00001M16:19:27.339,0001 15:41:57,,,274.22,,,
667043324,00001M16:19:28.312,0001 15:41:58,,,274.22,,,
667043325,00001M16:19:29.285,0001 15:41:59,,,274.23,,,
667043326,00001M16:19:30.259,0001 15:42:00,,,274.30,,,
667043327,00001M16:19:31.232,0001 15:42:01,,,274.25,,,
667043328,00001M16:19:32.205,0001 15:42:02,,,274.30,,,
667043329,00001M16:19:33.178,0001 15:42:03,,,274.31,,,
667043330,00001M16:19:34.152,0001 15:42:04,,,274.29,,,
667043331,00001M16:19:35.125,0001 15:42:05,,,274.25,,,
667043332,00001M16:19:36.098,0001 15:42:06,,,274.26,,,
667043333,00001M16:19:37.071,0001 15:42:07,,,274.30,,,
667043334,00001M16:19:38.045,0001 15:42:08,,,274.23,,,
667043335,00001M16:19:39.018,0001 15:42:09,,,274.25,,,
667043336,00001M16:19:39.991,0001 15:42:10,,,274.25,,,
667043337,00001M16:19:40.964,0001 15:42:11,,,274.30,,,
667043338,00001M16:19:41.938,0001 15:42:12,,,274.26,,,
667043339,00001M16:19:42.911,0001 15:42:13,,,274.25,,,
667043340,00001M16:19:43.884,0001 15:42:14,,,274.25,,,
667043341,00001M16:19:44.857,0001 15:42:15,,,274.31,,,
667043342,00001M16:19:45.831,0001 15:42:16,,,274.30,,,
667043343,00001M16:19:46.804,0001 15:42:17,,,274.26,,,
667043344,00001M16:19:47.777,0001 15:42:18,,,274.27,,,
667043345,00001M16:19:48.750,0001 15:42:19,,,274.25,,,
667043346,00001M16:19:49.724,0001 15:42:20,,,274.26,,,
667043347,00001M16:19:50.697,0001 15:42:21,,,274.26,,,
667043348,00001M16:19:51.670,0001 15:42:22,,,274.27,,,
667043349,00001M16:19:52.643,0001 15:42:23,,,274.23,,,
667043350,00001M16:19:53.617,0001 15:42:23,,,274.24,,,
667043351,00001M16:19:54.590,0001 15:42:24,,,274.29,,,
667043352,00001M16:19:55.563,0001 15:42:25,,,274.20,,,
667043353,00001M16:19:56.536,0001 15:42:26,,,274.24,,,
667043354,00001M16:19:57.510,0001 15:42:27,,,274.23,,,
667043355,00001M16:19:58.483,0001 15:42:28,,,274.20,,,
667043356,00001M16:19:59.456,0001 15:42:29,,,274.25,,,
667043357,00001M16:20:00.429,0001 15:42:30,,,274.24,,,
667043358,00001M16:20:01.403,0001 15:42:31,,,274.27,,,
667043359,00001M16:20:02.376,0001 15:42:32,,,274.21,,,
667043360,00001M16:20:03.349,0001 15:42:33,,,274.24,,,
667043361,00001M16:20:04.322,0001 15:42:34,,,274.29,,,
667043362,00001M16:20:05.296,0001 15:42:35,,,274.23,,,
667043363,00001M16:20:06.269,0001 15:42:36,,,274.26,,,
667043364,00001M16:20:07.242,0001 15:42:37,,,274.24,,,
667043365,00001M16:20:08.215,0001 15:42:38,,,274.25,,,
667043366,00001M16:20:09.189,0001 15:42:39,,,274.30,,,
667043367,00001M16:20:10.162,0001 15:42:40,,,274.28,,,
667043368,00001M16:20:11.135,0001 15:42:41,,,274.24,,,
667043369,00001M16:20:12.108,0001 15:42:42,,,274.24,,,
667043370,00001M16:20:13.082,0001 15:42:43,,,274.25,,,
667043371,00001M16:20:14.055,0001 15:42:44,,,274.27,,,
667043372,00001M16:20:15.028,0001 15:42:45,,,274.28,,,
667043373,00001M16:20:16.001,0001 15:42:46,,,274.27,,,
667043374,00001M16:20:16.975,0001 15:42:47,,,274.27,,,
667043375,00001M16:20:17.948,0001 15:42:48,,,274.24,,,
667043376,00001M16:20:18.921,0001 15:42:49,,,274.26,,,
667043377,00001M16:20:19.894,0001 15:42:50,,,274.27,,,
667043378,00001M16:20:20.868,0001 15:42:51,,,274.31,,,
667043379,00001M16:20:21.841,0001 15:42:52,,,274.31,,,
667043380,00001M16:20:22.814,0001 15:42:53,,,274.28,,,
667043381,00001M16:20:23.787,0001 15:42:54,,,274.29,,,
667043382,00001M16:20:24.761,0001 15:42:55,,,274.30,,,
667043383,00001M16:20:25.734,0001 15:42:56,,,274.29,,,
667043384,00001M16:20:26.707,0001 15:42:57,,,274.28,,,
667043385,00001M16:20:27.681,0001 15:42:58,,,274.25,,,
667043386,00001M16:20:28.654,0001 15:42:59,,,274.25,,,
667043387,00001M16:20:29.627,0001 15:42:59,,,274.25,,,
667043388,00001M16:20:30.600,0001 15:43:00,,,274.27,,,
667043389,00001M16:20:31.574,0001 15:43:01,,,274.28,,,
667043390,00001M16:20:32.547,0001 15:43:02,,,274.24,,,
667043391,00001M16:20:33.520,0001 15:43:03,,,274.23,,,
667043392,00001M16:20:34.493,0001 15:43:04,,,274.24,,,
667043393,00001M16:20:35.467,0001 15:43:05,,,274.26,,,
667043394,00001M16:20:36.440,0001 15:43:06,,,274.27,,,
667043395,00001M16:20:37.413,0001 15:43:07,,,274.25,,,
667043396,00001M16:20:38.386,0001 15:43:08,,,274.32,,,
667043397,00001M16:20:39.360,0001 15:43:09,,,274.30,,,
667043398,00001M16:20:40.333,0001 15:43:10,,,274.24,,,
667043399,00001M16:20:41.306,0001 15:43:11,,,274.24,,,
667043400,00001M16:20:42.279,0001 15:43:12,,,274.25,,,
667043401,00001M16:20:43.253,0001 15:43:13,,,274.30,,,
667043402,00001M16:20:44.226,0001 15:43:14,,,274.30,,,
667043403,00001M16:20:45.199,0001 15:43:15,,,274.31,,,
667043404,00001M16:20:46.172,0001 15:43:16,,,274.29,,,
667043405,00001M16:20:47.146,0001 15:43:17,,,274.30,,,
667043406,00001M16:20:48.119,0001 15:43:18,,,274.25,,,
667043407,00001M16:20:49.092,0001 15:43:19,,,274.23,,,
667043408,00001M16:20:50.065,0001 15:43:20,,,274.31,,,
667043409,00001M16:20:51.039,0001 15:43:21,,,274.27,,,
667043410,00001M16:20:52.012,0001 15:43:22,,,274.25,,,
667043411,00001M16:20:52.985,0001 15:43:23,,,274.27,,,
667043412,00001M16:20:53.958,0001 15:43:24,,,274.31,,,
667043413,00001M16:20:54.932,0001 15:43:25,,,274.22,,,
667043414,00001M16:20:55.905,0001 15:43:26,,,274.26,,,
667043415,00001M16:20:56.878,0001 15:43:27,,,274.32,,,
667043416,00001M16:20:57.851,0001 15:43:28,,,274.24,,,
667043417,00001M16:20:58.825,0001 15:43:29,,,274.30,,,
667043418,00001M16:20:59.798,0001 15:43:30,,,274.26,,,
667043419,00001M16:21:00.771,0001 15:43:31,,,274.26,,,
667043420,00001M16:21:01.744,0001 15:43:32,,,274.30,,,
667043421,00001M16:21:02.718,0001 15:43:33,,,274.25,,,
667043422,00001M16:21:03.691,0001 15:43:34,,,274.24,,,
667043423,00001M16:21:04.664,0001 15:43:35,,,274.29,,,
667043424,00001M16:21:05.637,0001 15:43:36,,,274.32,,,
667043425,00001M16:21:06.611,0001 15:43:36,,,274.31,,,
667043426,00001M16:21:07.584,0001 15:43:37,,,274.30,,,
667043427,00001M16:21:08.557,0001 15:43:38,,,274.25,,,
667043428,00001M16:21:09.530,0001 15:43:39,,,274.29,,,
667043429,00001M16:21:10.504,0001 15:43:40,,,274.27,,,
667043430,00001M16:21:11.477,0001 15:43:41,,,274.26,,,
667043431,00001M16:21:12.450,0001 15:43:42,,,274.32,,,
667043432,00001M16:21:13.423,0001 15:43:43,,,274.31,,,
667043433,00001M16:21:14.397,0001 15:43:44,,,274.29,,,
667043434,00001M16:21:15.370,0001 15:43:45,,,274.24,,,
667043435,00001M16:21:16.343,0001 15:43:46,,,274.27,,,
667043436,00001M16:21:17.316,0001 15:43:47,,,274.32,,,
667043437,00001M16:21:18.290,0001 15:43:48,,,274.25,,,
667043438,00001M16:21:19.263,0001 15:43:49,,,274.24,,,
667043439,00001M16:21:20.236,0001 15:43:50,,,274.24,,,
667043440,00001M16:21:21.209,0001 15:43:51,,,274.28,,,
667043441,00001M16:21:22.183,0001 15:43:52,,,274.27,,,
667043442,00001M16:21:23.156,0001 15:43:53,,,274.24,,,
667043443,00001M16:21:24.129,0001 15:43:54,,,274.22,,,
667043444,00001M16:21:25.102,0001 15:43:55,,,274.25,,,
667043445,00001M16:21:26.076,0001 15:43:56,,,274.24,,,
667043446,00001M16:21:27.049,0001 15:43:57,,,274.24,,,
667043447,00001M16:21:28.022,0001 15:43:58,,,274.28,,,
667043448,00001M16:21:28.995,0001 15:43:59,,,274.24,,,
667043449,00001M16:21:29.969,0001 15:44:00,,,274.26,,,
667043450,00001M16:21:30.942,0001 15:44:01,,,274.25,,,
667043451,00001M16:21:31.915,0001 15:44:02,,,274.24,,,
667043452,00001M16:21:32.888,0001 15:44:03,,,274.28,,,
667043453,00001M16:21:33.862,0001 15:44:04,,,274.27,,,
667043454,00001M16:21:34.835,0001 15:44:05,,,274.21,,,
667043455,00001M16:21:35.808,0001 15:44:06,,,274.29,,,
667043456,00001M16:21:36.781,0001 15:44:07,,,274.24,,,
667043457,00001M16:21:37.755,0001 15:44:08,,,274.21,,,
667043458,00001M16:21:38.728,0001 15:44:09,,,274.27,,,
667043459,00001M16:21:39.701,0001 15:44:10,,,274.18,,,
667043460,00001M16:21:40.674,0001 15:44:11,,,274.21,,,
667043461,00001M16:21:41.648,0001 15:44:12,,,274.24,,,
667043462,00001M16:21:42.621,0001 15:44:13,,,274.26,,,
667043463,00001M16:21:43.594,0001 15:44:13,,,274.18,,,
667043464,00001M16:21:44.567,0001 15:44:14,,,274.23,,,
667043465,00001M16:21:45.541,0001 15:44:15,,,274.23,,,
667043466,00001M16:21:46.514,0001 15:44:16,,,274.21,,,
667043467,00001M16:21:47.487,0001 15:44:17,,,274.28,,,
667043468,00001M16:21:48.460,0001 15:44:18,,,274.20,,,
667043469,00001M16:21:49.434,0001 15:44:19,,,274.24,,,
667043470,00001M16:21:50.407,0001 15:44:20,,,274.27,,,
667043471,00001M16:21:51.380,0001 15:44:21,,,274.23,,,
667043472,00001M16:21:52.353,0001 15:44:22,,,274.24,,,
667043473,00001M16:21:53.327,0001 15:44:23,,,274.23,,,
667043474,00001M16:21:54.300,0001 15:44:24,,,274.18,,,
667043475,00001M16:21:55.273,0001 15:44:25,,,274.17,,,
667043476,00001M16:21:56.246,0001 15:44:26,,,274.18,,,
667043477,00001M16:21:57.220,0001 15:44:27,,,274.28,,,
667043478,00001M16:21:58.193,0001 15:44:28,,,274.24,,,
667043479,00001M16:21:59.166,0001 15:44:29,,,274.21,,,
667043480,00001M16:22:00.139,0001 15:44:30,,,274.22,,,
667043481,00001M16:22:01.113,0001 15:44:31,,,274.21,,,
667043482,00001M16:22:02.086,0001 15:44:32,,,274.26,,,
667043483,00001M16:22:03.059,0001 15:44:33,,,274.23,,,
667043484,00001M16:22:04.032,0001 15:44:34,,,274.21,,,
667043485,00001M16:22:05.006,0001 15:44:35,,,274.26,,,
667043486,00001M16:22:05.979,0001 15:44:36,,,274.24,,,
667043487,00001M16:22:06.952,0001 15:44:37,,,274.25,,,
667043488,00001M16:22:07.925,0001 15:44:38,,,274.21,,,
667043489,00001M16:22:08.899,0001 15:44:39,,,274.22,,,
667043490,00001M16:22:09.872,0001 15:44:40,,,274.22,,,
667043491,00001M16:22:10.845,0001 15:44:41,,,274.23,,,
667043492,00001M16:22:11.818,0001 15:44:42,,,274.27,,,
667043493,00001M16:22:12.792,0001 15:44:43,,,274.19,,,
667043494,00001M16:22:13.765,0001 15:44:44,,,274.19,,,
667043495,00001M16:22:14.738,0001 15:44:45,,,274.18,,,
667043496,00001M16:22:15.711,0001 15:44:46,,,274.17,,,
667043497,00001M16:22:16.685,0001 15:44:47,,,274.21,,,
667043498,00001M16:22:17.658,0001 15:44:48,,,274.18,,,
667043499,00001M16:22:18.631,0001 15:44:49,,,274.20,,,
667043500,00001M16:22:19.604,0001 15:44:49,,,274.17,,,
667043501,00001M16:22:20.578,0001 15:44:50,,,274.18,,,
667043502,00001M16:22:21.551,0001 15:44:51,,,274.20,,,
667043503,00001M16:22:22.524,0001 15:44:52,,,274.18,,,
667043504,00001M16:22:23.497,0001 15:44:53,,,274.21,,,
667043505,00001M16:22:24.471,0001 15:44:54,,,274.18,,,
667043506,00001M16:22:25.444,0001 15:44:55,,,274.21,,,
667043507,00001M16:22:26.417,0001 15:44:56,,,274.21,,,
667043508,00001M16:22:27.390,0001 15:44:57,,,274.22,,,
667043509,00001M16:22:28.364,0001 15:44:58,,,274.23,,,
667043510,00001M16:22:29.337,0001 15:44:59,,,274.21,,,
667043511,00001M16:22:30.310,0001 15:45:00,,,274.17,,,
667043512,00001M16:22:31.284,0001 15:45:01,,,274.21,,,
667043513,00001M16:22:32.257,0001 15:45:02,,,274.21,,,
667043514,00001M16:22:33.230,0001 15:45:03,,,274.17,,,
667043515,00001M16:22:34.203,0001 15:45:04,,,274.16,,,
667043516,00001M16:22:35.177,0001 15:45:05,,,274.22,,,
667043517,00001M16:22:36.150,0001 15:45:06,,,274.18,,,
667043518,00001M16:22:37.123,0001 15:45:07,,,274.24,,,
667043519,00001M16:22:38.096,0001 15:45:08,,,274.20,,,
667043520,00001M16:22:39.070,0001 15:45:09,,,274.21,,,
667043521,00001M16:22:40.043,0001 15:45:10,,,274.16,,,
667043522,00001M16:22:41.016,0001 15:45:11,,,274.20,,,
667043523,00001M16:22:41.989,0001 15:45:12,,,274.20,,,
667043524,00001M16:22:42.963,0001 15:45:13,,,274.21,,,
667043525,00001M16:22:43.936,0001 15:45:14,,,274.18,,,
667043526,00001M16:22:44.909,0001 15:45:15,,,274.25,,,
667043527,00001M16:22:45.882,0001 15:45:16,,,274.19,,,
667043528,00001M16:22:46.856,0001 15:45:17,,,274.16,,,
667043529,00001M16:22:47.829,0001 15:45:18,,,274.18,,,
667043530,00001M16:22:48.802,0001 15:45:19,,,274.16,,,
667043531,00001M16:22:49.775,0001 15:45:20,,,274.19,,,
667043532,00001M16:22:50.749,0001 15:45:21,,,274.22,,,
667043533,00001M16:22:51.722,0001 15:45:22,,,274.20,,,
667043534,00001M16:22:52.695,0001 15:45:23,,,274.14,,,
667043535,00001M16:22:53.668,0001 15:45:24,,,274.16,,,
667043536,00001M16:22:54.642,0001 15:45:25,,,274.18,,,
667043537,00001M16:22:55.615,0001 15:45:26,,,274.18,,,
667043538,00001M16:22:56.588,0001 15:45:26,,,274.12,,,
667043539,00001M16:22:57.561,0001 15:45:27,,,274.15,,,
667043540,00001M16:22:58.535,0001 15:45:28,,,274.17,,,
667043541,00001M16:22:59.508,0001 15:45:29,,,274.13,,,
667043542,00001M16:23:00.481,0001 15:45:30,,,274.14,,,
667043543,00001M16:23:01.454,0001 15:45:31,,,274.18,,,
667043544,00001M16:23:02.428,0001 15:45:32,,,274.21,,,
667043545,00001M16:23:03.401,0001 15:45:33,,,274.16,,,
667043546,00001M16:23:04.374,0001 15:45:34,,,274.20,,,
667043547,00001M16:23:05.347,0001 15:45:35,,,274.19,,,
667043548,00001M16:23:06.321,0001 15:45:36,,,274.13,,,
667043549,00001M16:23:07.294,0001 15:45:37,,,274.15,,,
667043550,00001M16:23:08.267,0001 15:45:38,,,274.15,,,
667043551,00001M16:23:09.240,0001 15:45:39,,,274.13,,,
667043552,00001M16:23:10.214,0001 15:45:40,,,274.19,,,
667043553,00001M16:23:11.187,0001 15:45:41,,,274.19,,,
667043554,00001M16:23:12.160,0001 15:45:42,,,274.17,,,
667043555,00001M16:23:13.133,0001 15:45:43,,,274.16,,,
667043556,00001M16:23:14.107,0001 15:45:44,,,274.13,,,
667043557,00001M16:23:15.080,0001 15:45:45,,,274.18,,,
667043558,00001M16:23:16.053,0001 15:45:46,,,274.19,,,
667043559,00001M16:23:17.026,0001 15:45:47,,,274.15,,,
667043560,00001M16:23:18.000,0001 15:45:48,,,274.13,,,
667043561,00001M16:23:18.973,0001 15:45:49,,,274.15,,,
667043562,00001M16:23:19.946,0001 15:45:50,,,274.16,,,
667043563,00001M16:23:20.919,0001 15:45:51,,,274.12,,,
667043564,00001M16:23:21.893,0001 15:45:52,,,274.02,,,
667043565,00001M16:23:22.866,0001 15:45:53,,,274.04,,,
667043566,00001M16:23:23.839,0001 15:45:54,,,274.02,,,
667043567,00001M16:23:24.812,0001 15:45:55,,,274.04,,,
667043568,00001M16:23:25.786,0001 15:45:56,,,274.08,,,
667043569,00001M16:23:26.759,0001 15:45:57,,,274.06,,,
667043570,00001M16:23:27.732,0001 15:45:58,,,273.97,,,
667043571,00001M16:23:28.705,0001 15:45:59,,,274.05,,,
667043572,00001M16:23:29.679,0001 15:46:00,,,274.00,,,
667043573,00001M16:23:30.652,0001 15:46:01,,,273.98,,,
667043574,00001M16:23:31.625,0001 15:46:02,,,274.01,,,
667043575,00001M16:23:32.598,0001 15:46:03,,,274.03,,,
667043576,00001M16:23:33.572,0001 15:46:03,,,273.99,,,
667043577,00001M16:23:34.545,0001 15:46:04,,,273.99,,,
667043578,00001M16:23:35.518,0001 15:46:05,,,274.00,,,
667043579,00001M16:23:36.491,0001 15:46:06,,,273.96,,,
667043580,00001M16:23:37.465,0001 15:46:07,,,274.04,,,
667043581,00001M16:23:38.438,0001 15:46:08,,,273.99,,,
667043582,00001M16:23:39.411,0001 15:46:09,,,274.02,,,
667043583,00001M16:23:40.384,0001 15:46:10,,,273.97,,,
667043584,00001M16:23:41.358,0001 15:46:11,,,274.00,,,
667043585,00001M16:23:42.331,0001 15:46:12,,,273.99,,,
667043586,00001M16:23:43.304,0001 15:46:13,,,273.98,,,
667043587,00001M16:23:44.277,0001 15:46:14,,,273.98,,,
667043588,00001M16:23:45.251,0001 15:46:15,,,273.99,,,
667043589,00001M16:23:46.224,0001 15:46:16,,,274.00,,,
667043590,00001M16:23:47.197,0001 15:46:17,,,273.99,,,
667043591,00001M16:23:48.170,0001 15:46:18,,,273.94,,,
667043592,00001M16:23:49.144,0001 15:46:19,,,274.00,,,
667043593,00001M16:23:50.117,0001 15:46:20,,,273.96,,,
667043594,00001M16:23:51.090,0001 15:46:21,,,273.98,,,
667043595,00001M16:23:52.063,0001 15:46:22,,,274.03,,,
667043596,00001M16:23:53.037,0001 15:46:23,,,273.96,,,
667043597,00001M16:23:54.010,0001 15:46:24,,,273.98,,,
667043598,00001M16:23:54.983,0001 15:46:25,,,273.93,,,
667043599,00001M16:23:55.956,0001 15:46:26,,,274.02,,,
667043600,00001M16:23:56.930,0001 15:46:27,,,273.93,,,
667043601,00001M16:23:57.903,0001 15:46:28,,,273.96,,,
667043602,00001M16:23:58.876,0001 15:46:29,,,273.93,,,
667043603,00001M16:23:59.849,0001 15:46:30,,,273.99,,,
667043604,00001M16:24:00.823,0001 15:46:31,,,273.98,,,
667043605,00001M16:24:01.796,0001 15:46:32,,,274.01,,,
667043606,00001M16:24:02.769,0001 15:46:33,,,273.93,,,
667043607,00001M16:24:03.742,0001 15:46:34,,,273.96,,,
667043608,00001M16:24:04.716,0001 15:46:35,,,273.95,,,
667043609,00001M16:24:05.689,0001 15:46:36,,,273.94,,,
667043610,00001M16:24:06.662,0001 15:46:37,,,273.96,,,
667043611,00001M16:24:07.635,0001 15:46:38,,,273.96,,,
667043612,00001M16:24:08.609,0001 15:46:39,,,274.00,,,
667043613,00001M16:24:09.582,0001 15:46:40,,,273.93,,,
667043614,00001M16:24:10.555,0001 15:46:40,,,273.96,,,
667043615,00001M16:24:11.528,0001 15:46:41,,,273.92,,,
667043616,00001M16:24:12.502,0001 15:46:42,,,273.97,,,
667043617,00001M16:24:13.475,0001 15:46:43,,,273.96,,,
667043618,00001M16:24:14.448,0001 15:46:44,,,273.90,,,
667043619,00001M16:24:15.421,0001 15:46:45,,,273.95,,,
667043620,00001M16:24:16.395,0001 15:46:46,,,273.91,,,
667043621,00001M16:24:17.368,0001 15:46:47,,,273.96,,,
667043622,00001M16:24:18.341,0001 15:46:48,,,273.95,,,
667043623,00001M16:24:19.314,0001 15:46:49,,,273.96,,,
667043624,00001M16:24:20.288,0001 15:46:50,,,273.93,,,
667043625,00001M16:24:21.261,0001 15:46:51,,,273.98,,,
667043626,00001M16:24:22.234,0001 15:46:52,,,273.91,,,
667043627,00001M16:24:23.207,0001 15:46:53,,,273.95,,,
667043628,00001M16:24:24.181,0001 15:46:54,,,273.94,,,
667043629,00001M16:24:25.154,0001 15:46:55,,,273.94,,,
667043630,00001M16:24:26.127,0001 15:46:56,,,273.96,,,
667043631,00001M16:24:27.100,0001 15:46:57,,,273.96,,,
667043632,00001M16:24:28.074,0001 15:46:58,,,273.92,,,
667043633,00001M16:24:29.047,0001 15:46:59,,,273.96,,,
667043634,00001M16:24:30.020,0001 15:47:00,,,273.89,,,
667043635,00001M16:24:30.993,0001 15:47:01,,,273.93,,,
667043636,00001M16:24:31.967,0001 15:47:02,,,273.95,,,
667043637,00001M16:24:32.940,0001 15:47:03,,,273.93,,,
667043638,00001M16:24:33.913,0001 15:47:04,,,273.91,,,
667043639,00001M16:24:34.887,0001 15:47:05,,,273.93,,,
667043640,00001M16:24:35.860,0001 15:47:06,,,273.97,,,
667043641,00001M16:24:36.833,0001 15:47:07,,,273.94,,,
667043642,00001M16:24:37.806,0001 15:47:08,,,273.89,,,
667043643,00001M16:24:38.780,0001 15:47:09,,,273.96,,,
667043644,00001M16:24:39.753,0001 15:47:10,,,273.94,,,
667043645,00001M16:24:40.726,0001 15:47:11,,,273.94,,,
667043646,00001M16:24:41.699,0001 15:47:12,,,273.97,,,
667043647,00001M16:24:42.673,0001 15:47:13,,,273.90,,,
667043648,00001M16:24:43.646,0001 15:47:14,,,273.95,,,
667043649,00001M16:24:44.619,0001 15:47:15,,,273.94,,,
667043650,00001M16:24:45.592,0001 15:47:16,,,273.89,,,
667043651,00001M16:24:46.566,0001 15:47:16,,,273.87,,,
667043652,00001M16:24:47.539,0001 15:47:17,,,273.94,,,
667043653,00001M16:24:48.512,0001 15:47:18,,,273.96,,,
667043654,00001M16:24:49.485,0001 15:47:19,,,273.89,,,
667043655,00001M16:24:50.459,0001 15:47:20,,,273.90,,,
667043656,00001M16:24:51.432,0001 15:47:21,,,273.96,,,
667043657,00001M16:24:52.405,0001 15:47:22,,,273.87,,,
667043658,00001M16:24:53.378,0001 15:47:23,,,273.90,,,
667043659,00001M16:24:54.352,0001 15:47:24,,,273.95,,,
667043660,00001M16:24:55.325,0001 15:47:25,,,273.93,,,
667043661,00001M16:24:56.298,0001 15:47:26,,,273.89,,,
667043662,00001M16:24:57.271,0001 15:47:27,,,273.87,,,
667043663,00001M16:24:58.245,0001 15:47:28,,,273.96,,,
667043664,00001M16:24:59.218,0001 15:47:29,,,273.89,,,
667043665,00001M16:25:00.191,0001 15:47:30,,,273.91,,,
667043666,00001M16:25:01.164,0001 15:47:31,,,273.87,,,
667043667,00001M16:25:02.138,0001 15:47:32,,,273.90,,,
667043668,00001M16:25:03.111,0001 15:47:33,,,273.86,,,
667043669,00001M16:25:04.084,0001 15:47:34,,,273.90,,,
667043670,00001M16:25:05.057,0001 15:47:35,,,273.91,,,
667043671,00001M16:25:06.031,0001 15:47:36,,,273.91,,,
667043672,00001M16:25:07.004,0001 15:47:37,,,273.87,,,
667043673,00001M16:25:07.977,0001 15:47:38,,,273.93,,,
667043674,00001M16:25:08.950,0001 15:47:39,,,273.91,,,
667043675,00001M16:25:09.924,0001 15:47:40,,,273.92,,,
667043676,00001M16:25:10.897,0001 15:47:41,,,273.94,,,
667043677,00001M16:25:11.870,0001 15:47:42,,,273.91,,,
667043678,00001M16:25:12.843,0001 15:47:43,,,273.93,,,
667043679,00001M16:25:13.817,0001 15:47:44,,,273.96,,,
667043680,00001M16:25:14.790,0001 15:47:45,,,273.85,,,
667043681,00001M16:25:15.763,0001 15:47:46,,,273.91,,,
667043682,00001M16:25:16.736,0001 15:47:47,,,273.92,,,
667043683,00001M16:25:17.710,0001 15:47:48,,,273.88,,,
667043684,00001M16:25:18.683,0001 15:47:49,,,273.91,,,
667043685,00001M16:25:19.656,0001 15:47:50,,,273.86,,,
667043686,00001M16:25:20.629,0001 15:47:51,,,273.94,,,
667043687,00001M16:25:21.603,0001 15:47:52,,,273.88,,,
667043688,00001M16:25:22.576,0001 15:47:53,,,273.87,,,
667043689,00001M16:25:23.549,0001 15:47:53,,,273.94,,,
667043690,00001M16:25:24.522,0001 15:47:54,,,273.90,,,
667043691,00001M16:25:25.496,0001 15:47:55,,,273.87,,,
667043692,00001M16:25:26.469,0001 15:47:56,,,273.91,,,
667043693,00001M16:25:27.442,0001 15:47:57,,,273.88,,,
667043694,00001M16:25:28.415,0001 15:47:58,,,273.94,,,
667043695,00001M16:25:29.389,0001 15:47:59,,,273.87,,,
667043696,00001M16:25:30.362,0001 15:48:00,,,273.90,,,
667043697,00001M16:25:31.335,0001 15:48:01,,,273.93,,,
667043698,00001M16:25:32.308,0001 15:48:02,,,273.94,,,
667043699,00001M16:25:33.282,0001 15:48:03,,,273.92,,,
667043700,00001M16:25:34.255,0001 15:48:04,,,273.84,,,
667043701,00001M16:25:35.228,0001 15:48:05,,,273.85,,,
667043702,00001M16:25:36.201,0001 15:48:06,,,273.92,,,
667043703,00001M16:25:37.175,0001 15:48:07,,,273.91,,,
667043704,00001M16:25:38.148,0001 15:48:08,,,273.86,,,
667043705,00001M16:25:39.121,0001 15:48:09,,,273.90,,,
667043706,00001M16:25:40.094,0001 15:48:10,,,273.93,,,
667043707,00001M16:25:41.068,0001 15:48:11,,,273.90,,,
667043708,00001M16:25:42.041,0001 15:48:12,,,273.86,,,
667043709,00001M16:25:43.014,0001 15:48:13,,,273.91,,,
667043710,00001M16:25:43.987,0001 15:48:14,,,273.91,,,
667043711,00001M16:25:44.961,0001 15:48:15,,,273.88,,,
667043712,00001M16:25:45.934,0001 15:48:16,,,273.83,,,
667043713,00001M16:25:46.907,0001 15:48:17,,,273.83,,,
667043714,00001M16:25:47.880,0001 15:48:18,,,273.91,,,
667043715,00001M16:25:48.854,0001 15:48:19,,,273.90,,,
667043716,00001M16:25:49.827,0001 15:48:20,,,273.89,,,
667043717,00001M16:25:50.800,0001 15:48:21,,,273.85,,,
667043718,00001M16:25:51.773,0001 15:48:22,,,273.83,,,
667043719,00001M16:25:52.747,0001 15:48:23,,,273.88,,,
667043720,00001M16:25:53.720,0001 15:48:24,,,273.82,,,
667043721,00001M16:25:54.693,0001 15:48:25,,,273.83,,,
667043722,00001M16:25:55.666,0001 15:48:26,,,273.89,,,
667043723,00001M16:25:56.640,0001 15:48:27,,,273.83,,,
667043724,00001M16:25:57.613,0001 15:48:28,,,273.89,,,
667043725,00001M16:25:58.586,0001 15:48:29,,,273.87,,,
667043726,00001M16:25:59.559,0001 15:48:30,,,273.83,,,
667043727,00001M16:26:00.533,0001 15:48:30,,,273.87,,,
667043728,00001M16:26:01.506,0001 15:48:31,,,273.87,,,
667043729,00001M16:26:02.479,0001 15:48:32,,,273.89,,,
667043730,00001M16:26:03.452,0001 15:48:33,,,273.82,,,
667043731,00001M16:26:04.426,0001 15:48:34,,,273.87,,,
667043732,00001M16:26:05.399,0001 15:48:35,,,273.83,,,
667043733,00001M16:26:06.372,0001 15:48:36,,,273.84,,,
667043734,00001M16:26:07.345,0001 15:48:37,,,273.89,,,
667043735,00001M16:26:08.319,0001 15:48:38,,,273.84,,,
667043736,00001M16:26:09.292,0001 15:48:39,,,273.85,,,
667043737,00001M16:26:10.265,0001 15:48:40,,,273.86,,,
667043738,00001M16:26:11.238,0001 15:48:41,,,273.87,,,
667043739,00001M16:26:12.212,0001 15:48:42,,,273.83,,,
667043740,00001M16:26:13.185,0001 15:48:43,,,273.91,,,
667043741,00001M16:26:14.158,0001 15:48:44,,,273.87,,,
667043742,00001M16:26:15.131,0001 15:48:45,,,273.85,,,
667043743,00001M16:26:16.105,0001 15:48:46,,,273.82,,,
667043744,00001M16:26:17.078,0001 15:48:47,,,273.84,,,
667043745,00001M16:26:18.051,0001 15:48:48,,,273.91,,,
667043746,00001M16:26:19.024,0001 15:48:49,,,273.91,,,
667043747,00001M16:26:19.998,0001 15:48:50,,,273.85,,,
667043748,00001M16:26:20.971,0001 15:48:51,,,273.85,,,
667043749,00001M16:26:21.944,0001 15:48:52,,,273.89,,,
667043750,00001M16:26:22.917,0001 15:48:53,,,273.88,,,
667043751,00001M16:26:23.891,0001 15:48:54,,,273.83,,,
667043752,00001M16:26:24.864,0001 15:48:55,,,273.88,,,
667043753,00001M16:26:25.837,0001 15:48:56,,,273.90,,,
667043754,00001M16:26:26.810,0001 15:48:57,,,273.83,,,
667043755,00001M16:26:27.784,0001 15:48:58,,,273.87,,,
667043756,00001M16:26:28.757,0001 15:48:59,,,273.80,,,
667043757,00001M16:26:29.730,0001 15:49:00,,,273.87,,,
667043758,00001M16:26:30.703,0001 15:49:01,,,273.91,,,
667043759,00001M16:26:31.677,0001 15:49:02,,,273.83,,,
667043760,00001M16:26:32.650,0001 15:49:03,,,273.83,,,
667043761,00001M16:26:33.623,0001 15:49:04,,,273.87,,,
667043762,00001M16:26:34.596,0001 15:49:05,,,273.87,,,
667043763,00001M16:26:35.570,0001 15:49:06,,,273.86,,,
667043764,00001M16:26:36.543,0001 15:49:06,,,273.84,,,
667043765,00001M16:26:37.516,0001 15:49:07,,,273.82,,,
667043766,00001M16:26:38.490,0001 15:49:08,,,273.85,,,
667043767,00001M16:26:39.463,0001 15:49:09,,,273.85,,,
667043768,00001M16:26:40.436,0001 15:49:10,,,273.89,,,
667043769,00001M16:26:41.409,0001 15:49:11,,,273.88,,,
667043770,00001M16:26:42.383,0001 15:49:12,,,273.85,,,
667043771,00001M16:26:43.356,0001 15:49:13,,,273.82,,,
667043772,00001M16:26:44.329,0001 15:49:14,,,273.88,,,
667043773,00001M16:26:45.302,0001 15:49:15,,,273.83,,,
667043774,00001M16:26:46.276,0001 15:49:16,,,273.85,,,
667043775,00001M16:26:47.249,0001 15:49:17,,,273.88,,,
667043776,00001M16:26:48.222,0001 15:49:18,,,273.90,,,
667043777,00001M16:26:49.195,0001 15:49:19,,,273.87,,,
667043778,00001M16:26:50.169,0001 15:49:20,,,273.85,,,
667043779,00001M16:26:51.142,0001 15:49:21,,,273.85,,,
667043780,00001M16:26:52.115,0001 15:49:22,,,273.83,,,
667043781,00001M16:26:53.088,0001 15:49:23,,,273.78,,,
667043782,00001M16:26:54.062,0001 15:49:24,,,273.86,,,
667043783,00001M16:26:55.035,0001 15:49:25,,,273.80,,,
667043784,00001M16:26:56.008,0001 15:49:26,,,273.85,,,
667043785,00001M16:26:56.981,0001 15:49:27,,,273.86,,,
667043786,00001M16:26:57.955,0001 15:49:28,,,273.87,,,
667043787,00001M16:26:58.928,0001 15:49:29,,,273.83,,,
667043788,00001M16:26:59.901,0001 15:49:30,,,273.86,,,
667043789,00001M16:27:00.874,0001 15:49:31,,,273.76,,,
667043790,00001M16:27:01.848,0001 15:49:32,,,273.88,,,
667043791,00001M16:27:02.821,0001 15:49:33,,,273.80,,,
667043792,00001M16:27:03.794,0001 15:49:34,,,273.83,,,
667043793,00001M16:27:04.767,0001 15:49:35,,,273.84,,,
667043794,00001M16:27:05.741,0001 15:49:36,,,273.78,,,
667043795,00001M16:27:06.714,0001 15:49:37,,,273.78,,,
667043796,00001M16:27:07.687,0001 15:49:38,,,273.85,,,
667043797,00001M16:27:08.660,0001 15:49:39,,,273.80,,,
667043798,00001M16:27:09.634,0001 15:49:40,,,273.84,,,
667043799,00001M16:27:10.607,0001 15:49:41,,,273.80,,,
667043800,00001M16:27:11.580,0001 15:49:42,,,273.80,,,
667043801,00001M16:27:12.553,0001 15:49:43,,,273.77,,,
667043802,00001M16:27:13.527,0001 15:49:43,,,273.85,,,
667043803,00001M16:27:14.500,0001 15:49:44,,,273.87,,,
667043804,00001M16:27:15.473,0001 15:49:45,,,273.82,,,
667043805,00001M16:27:16.446,0001 15:49:46,,,273.84,,,
667043806,00001M16:27:17.420,0001 15:49:47,,,273.81,,,
667043807,00001M16:27:18.393,0001 15:49:48,,,273.84,,,
667043808,00001M16:27:19.366,0001 15:49:49,,,273.80,,,
667043809,00001M16:27:20.339,0001 15:49:50,,,273.80,,,
667043810,00001M16:27:21.313,0001 15:49:51,,,273.84,,,
667043811,00001M16:27:22.286,0001 15:49:52,,,273.75,,,
667043812,00001M16:27:23.259,0001 15:49:53,,,273.77,,,
667043813,00001M16:27:24.232,0001 15:49:54,,,273.85,,,
667043814,00001M16:27:25.206,0001 15:49:55,,,273.80,,,
667043815,00001M16:27:26.179,0001 15:49:56,,,273.78,,,
667043816,00001M16:27:27.152,0001 15:49:57,,,273.82,,,
667043817,00001M16:27:28.125,0001 15:49:58,,,273.79,,,
667043818,00001M16:27:29.099,0001 15:49:59,,,273.80,,,
667043819,00001M16:27:30.072,0001 15:50:00,,,273.83,,,
667043820,00001M16:27:31.045,0001 15:50:01,,,273.81,,,
667043821,00001M16:27:32.018,0001 15:50:02,,,273.82,,,
667043822,00001M16:27:32.992,0001 15:50:03,,,273.75,,,
667043823,00001M16:27:33.965,0001 15:50:04,,,273.79,,,
667043824,00001M16:27:34.938,0001 15:50:05,,,273.79,,,
667043825,00001M16:27:35.911,0001 15:50:06,,,273.75,,,
667043826,00001M16:27:36.885,0001 15:50:07,,,273.78,,,
667043827,00001M16:27:37.858,0001 15:50:08,,,273.82,,,
667043828,00001M16:27:38.831,0001 15:50:09,,,273.80,,,
667043829,00001M16:27:39.804,0001 15:50:10,,,273.77,,,
667043830,00001M16:27:40.778,0001 15:50:11,,,273.77,,,
667043831,00001M16:27:41.751,0001 15:50:12,,,273.81,,,
667043832,00001M16:27:42.724,0001 15:50:13,,,273.74,,,
667043833,00001M16:27:43.697,0001 15:50:14,,,273.75,,,
667043834,00001M16:27:44.671,0001 15:50:15,,,273.73,,,
667043835,00001M16:27:45.644,0001 15:50:16,,,273.80,,,
667043836,00001M16:27:46.617,0001 15:50:17,,,273.79,,,
667043837,00001M16:27:47.590,0001 15:50:18,,,273.77,,,
667043838,00001M16:27:48.564,0001 15:50:19,,,273.76,,,
667043839,00001M16:27:49.537,0001 15:50:20,,,273.77,,,
667043840,00001M16:27:50.510,0001 15:50:20,,,273.82,,,
667043841,00001M16:27:51.483,0001 15:50:21,,,273.76,,,
667043842,00001M16:27:52.457,0001 15:50:22,,,273.76,,,
667043843,00001M16:27:53.430,0001 15:50:23,,,273.78,,,
667043844,00001M16:27:54.403,0001 15:50:24,,,273.75,,,
667043845,00001M16:27:55.376,0001 15:50:25,,,273.75,,,
667043846,00001M16:27:56.350,0001 15:50:26,,,273.78,,,
667043847,00001M16:27:57.323,0001 15:50:27,,,273.80,,,
667043848,00001M16:27:58.296,0001 15:50:28,,,273.75,,,
667043849,00001M16:27:59.269,0001 15:50:29,,,273.72,,,
667043850,00001M16:28:00.243,0001 15:50:30,,,273.77,,,
667043851,00001M16:28:01.216,0001 15:50:31,,,273.76,,,
667043852,00001M16:28:02.189,0001 15:50:32,,,273.77,,,
667043853,00001M16:28:03.162,0001 15:50:33,,,273.75,,,
667043854,00001M16:28:04.136,0001 15:50:34,,,273.77,,,
667043855,00001M16:28:05.109,0001 15:50:35,,,273.73,,,
667043856,00001M16:28:06.082,0001 15:50:36,,,273.73,,,
667043857,00001M16:28:07.055,0001 15:50:37,,,273.76,,,
667043858,00001M16:28:08.029,0001 15:50:38,,,273.76,,,
667043859,00001M16:28:09.002,0001 15:50:39,,,273.71,,,
667043860,00001M16:28:09.975,0001 15:50:40,,,273.70,,,
667043861,00001M16:28:10.948,0001 15:50:41,,,273.73,,,
667043862,00001M16:28:11.922,0001 15:50:42,,,273.77,,,
667043863,00001M16:28:12.895,0001 15:50:43,,,273.72,,,
667043864,00001M16:28:13.868,0001 15:50:44,,,273.68,,,
667043865,00001M16:28:14.841,0001 15:50:45,,,273.78,,,
667043866,00001M16:28:15.815,0001 15:50:46,,,273.77,,,
667043867,00001M16:28:16.788,0001 15:50:47,,,273.77,,,
667043868,00001M16:28:17.761,0001 15:50:48,,,273.69,,,
667043869,00001M16:28:18.734,0001 15:50:49,,,273.76,,,
667043870,00001M16:28:19.708,0001 15:50:50,,,273.75,,,
667043871,00001M16:28:20.681,0001 15:50:51,,,273.70,,,
667043872,00001M16:28:21.654,0001 15:50:52,,,273.79,,,
667043873,00001M16:28:22.627,0001 15:50:53,,,273.72,,,
667043874,00001M16:28:23.601,0001 15:50:54,,,273.70,,,
667043875,00001M16:28:24.574,0001 15:50:55,,,273.80,,,
667043876,00001M16:28:25.547,0001 15:50:56,,,273.70,,,
667043877,00001M16:28:26.520,0001 15:50:56,,,273.76,,,
667043878,00001M16:28:27.494,0001 15:50:57,,,273.77,,,
667043879,00001M16:28:28.467,0001 15:50:58,,,273.73,,,
667043880,00001M16:28:29.440,0001 15:50:59,,,273.80,,,
667043881,00001M16:28:30.413,0001 15:51:00,,,273.71,,,
667043882,00001M16:28:31.387,0001 15:51:01,,,273.75,,,
667043883,00001M16:28:32.360,0001 15:51:02,,,273.71,,,
667043884,00001M16:28:33.333,0001 15:51:03,,,273.73,,,
667043885,00001M16:28:34.306,0001 15:51:04,,,273.79,,,
667043886,00001M16:28:35.280,0001 15:51:05,,,273.76,,,
667043887,00001M16:28:36.253,0001 15:51:06,,,273.80,,,
667043888,00001M16:28:37.226,0001 15:51:07,,,273.72,,,
667043889,00001M16:28:38.199,0001 15:51:08,,,273.72,,,
667043890,00001M16:28:39.173,0001 15:51:09,,,273.75,,,
667043891,00001M16:28:40.146,0001 15:51:10,,,273.75,,,
667043892,00001M16:28:41.119,0001 15:51:11,,,273.71,,,
667043893,00001M16:28:42.093,0001 15:51:12,,,273.73,,,
667043894,00001M16:28:43.066,0001 15:51:13,,,273.78,,,
667043895,00001M16:28:44.039,0001 15:51:14,,,273.74,,,
667043896,00001M16:28:45.012,0001 15:51:15,,,273.73,,,
667043897,00001M16:28:45.986,0001 15:51:16,,,273.71,,,
667043898,00001M16:28:46.959,0001 15:51:17,,,273.77,,,
667043899,00001M16:28:47.932,0001 15:51:18,,,273.70,,,
667043900,00001M16:28:48.905,0001 15:51:19,,,273.68,,,
667043901,00001M16:28:49.879,0001 15:51:20,,,273.72,,,
667043902,00001M16:28:50.852,0001 15:51:21,,,273.75,,,
667043903,00001M16:28:51.825,0001 15:51:22,,,273.74,,,
667043904,00001M16:28:52.798,0001 15:51:23,,,273.73,,,
667043905,00001M16:28:53.772,0001 15:51:24,,,273.72,,,
667043906,00001M16:28:54.745,0001 15:51:25,,,273.76,,,
667043907,00001M16:28:55.718,0001 15:51:26,,,273.70,,,
667043908,00001M16:28:56.691,0001 15:51:27,,,273.73,,,
667043909,00001M16:28:57.665,0001 15:51:28,,,273.73,,,
667043910,00001M16:28:58.638,0001 15:51:29,,,273.76,,,
667043911,00001M16:28:59.611,0001 15:51:30,,,273.78,,,
667043912,00001M16:29:00.584,0001 15:51:31,,,273.74,,,
667043913,00001M16:29:01.558,0001 15:51:32,,,273.68,,,
667043914,00001M16:29:02.531,0001 15:51:33,,,273.69,,,
667043915,00001M16:29:03.504,0001 15:51:33,,,273.74,,,
667043916,00001M16:29:04.477,0001 15:51:34,,,273.77,,,
667043917,00001M16:29:05.451,0001 15:51:35,,,273.71,,,
667043918,00001M16:29:06.424,0001 15:51:36,,,273.74,,,
667043919,00001M16:29:07.397,0001 15:51:37,,,273.70,,,
667043920,00001M16:29:08.370,0001 15:51:38,,,273.68,,,
667043921,00001M16:29:09.344,0001 15:51:39,,,273.77,,,
667043922,00001M16:29:10.317,0001 15:51:40,,,273.68,,,
667043923,00001M16:29:11.290,0001 15:51:41,,,273.73,,,
667043924,00001M16:29:12.263,0001 15:51:42,,,273.71,,,
667043925,00001M16:29:13.237,0001 15:51:43,,,273.74,,,
667043926,00001M16:29:14.210,0001 15:51:44,,,273.71,,,
667043927,00001M16:29:15.183,0001 15:51:45,,,273.73,,,
667043928,00001M16:29:16.156,0001 15:51:46,,,273.75,,,
667043929,00001M16:29:17.130,0001 15:51:47,,,273.69,,,
667043930,00001M16:29:18.103,0001 15:51:48,,,273.74,,,
667043931,00001M16:29:19.076,0001 15:51:49,,,273.66,,,
667043932,00001M16:29:20.049,0001 15:51:50,,,273.67,,,
667043933,00001M16:29:21.023,0001 15:51:51,,,273.72,,,
667043934,00001M16:29:21.996,0001 15:51:52,,,273.69,,,
667043935,00001M16:29:22.969,0001 15:51:53,,,273.74,,,
667043936,00001M16:29:23.942,0001 15:51:54,,,273.71,,,
667043937,00001M16:29:24.916,0001 15:51:55,,,273.68,,,
667043938,00001M16:29:25.889,0001 15:51:56,,,273.69,,,
667043939,00001M16:29:26.862,0001 15:51:57,,,273.63,,,
667043940,00001M16:29:27.835,0001 15:51:58,,,273.68,,,
667043941,00001M16:29:28.809,0001 15:51:59,,,273.70,,,
667043942,00001M16:29:29.782,0001 15:52:00,,,273.71,,,
667043943,00001M16:29:30.755,0001 15:52:01,,,273.71,,,
667043944,00001M16:29:31.728,0001 15:52:02,,,273.68,,,
667043945,00001M16:29:32.702,0001 15:52:03,,,273.64,,,
667043946,00001M16:29:33.675,0001 15:52:04,,,273.69,,,
667043947,00001M16:29:34.648,0001 15:52:05,,,273.61,,,
667043948,00001M16:29:35.621,0001 15:52:06,,,273.60,,,
667043949,00001M16:29:36.595,0001 15:52:07,,,273.64,,,
667043950,00001M16:29:37.568,0001 15:52:08,,,273.67,,,
667043951,00001M16:29:38.541,0001 15:52:09,,,273.68,,,
667043952,00001M16:29:39.514,0001 15:52:10,,,273.65,,,
667043953,00001M16:29:40.488,0001 15:52:10,,,273.65,,,
667043954,00001M16:29:41.461,0001 15:52:11,,,273.65,,,
667043955,00001M16:29:42.434,0001 15:52:12,,,273.62,,,
667043956,00001M16:29:43.407,0001 15:52:13,,,273.68,,,
667043957,00001M16:29:44.381,0001 15:52:14,,,273.60,,,
667043958,00001M16:29:45.354,0001 15:52:15,,,273.61,,,
667043959,00001M16:29:46.327,0001 15:52:16,,,273.63,,,
667043960,00001M16:29:47.300,0001 15:52:17,,,273.58,,,
667043961,00001M16:29:48.274,0001 15:52:18,,,273.63,,,
667043962,00001M16:29:49.247,0001 15:52:19,,,273.61,,,
667043963,00001M16:29:50.220,0001 15:52:20,,,273.56,,,
667043964,00001M16:29:51.193,0001 15:52:21,,,273.65,,,
667043965,00001M16:29:52.167,0001 15:52:22,,,273.61,,,
667043966,00001M16:29:53.140,0001 15:52:23,,,273.57,,,
667043967,00001M16:29:54.113,0001 15:52:24,,,273.55,,,
667043968,00001M16:29:55.086,0001 15:52:25,,,273.58,,,
667043969,00001M16:29:56.060,0001 15:52:26,,,273.62,,,
667043970,00001M16:29:57.033,0001 15:52:27,,,273.64,,,
667043971,00001M16:29:58.006,0001 15:52:28,,,273.59,,,
667043972,00001M16:29:58.979,0001 15:52:29,,,273.63,,,
667043973,00001M16:29:59.953,0001 15:52:30,,,273.58,,,
667043974,00001M16:30:00.926,0001 15:52:31,,,273.59,,,
667043975,00001M16:30:01.899,0001 15:52:32,,,273.62,,,
667043976,00001M16:30:02.872,0001 15:52:33,,,273.55,,,
667043977,00001M16:30:03.846,0001 15:52:34,,,273.58,,,
667043978,00001M16:30:04.819,0001 15:52:35,,,273.54,,,
667043979,00001M16:30:05.792,0001 15:52:36,,,273.57,,,
667043980,00001M16:30:06.765,0001 15:52:37,,,273.56,,,
667043981,00001M16:30:07.739,0001 15:52:38,,,273.57,,,
667043982,00001M16:30:08.712,0001 15:52:39,,,273.57,,,
667043983,00001M16:30:09.685,0001 15:52:40,,,273.55,,,
667043984,00001M16:30:10.658,0001 15:52:41,,,273.56,,,
667043985,00001M16:30:11.632,0001 15:52:42,,,273.57,,,
667043986,00001M16:30:12.605,0001 15:52:43,,,273.53,,,
667043987,00001M16:30:13.578,0001 15:52:44,,,273.52,,,
667043988,00001M16:30:14.551,0001 15:52:45,,,273.56,,,
667043989,00001M16:30:15.525,0001 15:52:46,,,273.49,,,
667043990,00001M16:30:16.498,0001 15:52:47,,,273.50,,,
667043991,00001M16:30:17.471,0001 15:52:47,,,273.55,,,
667043992,00001M16:30:18.444,0001 15:52:48,,,273.49,,,
667043993,00001M16:30:19.418,0001 15:52:49,,,273.49,,,
667043994,00001M16:30:20.391,0001 15:52:50,,,273.53,,,
667043995,00001M16:30:21.364,0001 15:52:51,,,273.50,,,
667043996,00001M16:30:22.337,0001 15:52:52,,,273.48,,,
667043997,00001M16:30:23.311,0001 15:52:53,,,273.49,,,
667043998,00001M16:30:24.284,0001 15:52:54,,,273.53,,,
667043999,00001M16:30:25.257,0001 15:52:55,,,273.56,,,
667044000,00001M16:30:26.230,0001 15:52:56,,,273.46,,,
667044001,00001M16:30:27.204,0001 15:52:57,,,273.55,,,
667044002,00001M16:30:28.177,0001 15:52:58,,,273.53,,,
667044003,00001M16:30:29.150,0001 15:52:59,,,273.45,,,
667044004,00001M16:30:30.123,0001 15:53:00,,,273.49,,,
667044005,00001M16:30:31.097,0001 15:53:01,,,273.50,,,
667044006,00001M16:30:32.070,0001 15:53:02,,,273.51,,,
667044007,00001M16:30:33.043,0001 15:53:03,,,273.50,,,
667044008,00001M16:30:34.016,0001 15:53:04,,,273.49,,,
667044009,00001M16:30:34.990,0001 15:53:05,,,273.49,,,
667044010,00001M16:30:35.963,0001 15:53:06,,,273.45,,,
667044011,00001M16:30:36.936,0001 15:53:07,,,273.46,,,
667044012,00001M16:30:37.909,0001 15:53:08,,,273.48,,,
667044013,00001M16:30:38.883,0001 15:53:09,,,273.49,,,
667044014,00001M16:30:39.856,0001 15:53:10,,,273.52,,,
667044015,00001M16:30:40.829,0001 15:53:11,,,273.43,,,
667044016,00001M16:30:41.802,0001 15:53:12,,,273.46,,,
667044017,00001M16:30:42.776,0001 15:53:13,,,273.41,,,
667044018,00001M16:30:43.749,0001 15:53:14,,,273.50,,,
667044019,00001M16:30:44.722,0001 15:53:15,,,273.46,,,
667044020,00001M16:30:45.696,0001 15:53:16,,,273.45,,,
667044021,00001M16:30:46.669,0001 15:53:17,,,273.49,,,
667044022,00001M16:30:47.642,0001 15:53:18,,,273.49,,,
667044023,00001M16:30:48.615,0001 15:53:19,,,273.52,,,
667044024,00001M16:30:49.589,0001 15:53:20,,,273.49,,,
667044025,00001M16:30:50.562,0001 15:53:21,,,273.47,,,
667044026,00001M16:30:51.535,0001 15:53:22,,,273.52,,,
667044027,00001M16:30:52.508,0001 15:53:23,,,273.49,,,
667044028,00001M16:30:53.482,0001 15:53:23,,,273.51,,,
667044029,00001M16:30:54.455,0001 15:53:24,,,273.50,,,
667044030,00001M16:30:55.428,0001 15:53:25,,,273.50,,,
667044031,00001M16:30:56.401,0001 15:53:26,,,273.52,,,
667044032,00001M16:30:57.375,0001 15:53:27,,,273.44,,,
667044033,00001M16:30:58.348,0001 15:53:28,,,273.43,,,
667044034,00001M16:30:59.321,0001 15:53:29,,,273.47,,,
667044035,00001M16:31:00.294,0001 15:53:30,,,273.49,,,
667044036,00001M16:31:01.268,0001 15:53:31,,,273.52,,,
667044037,00001M16:31:02.241,0001 15:53:32,,,273.45,,,
667044038,00001M16:31:03.214,0001 15:53:33,,,273.50,,,
667044039,00001M16:31:04.187,0001 15:53:34,,,273.45,,,
667044040,00001M16:31:05.161,0001 15:53:35,,,273.46,,,
667044041,00001M16:31:06.134,0001 15:53:36,,,273.41,,,
667044042,00001M16:31:07.107,0001 15:53:37,,,273.47,,,
667044043,00001M16:31:08.080,0001 15:53:38,,,273.39,,,
667044044,00001M16:31:09.054,0001 15:53:39,,,273.40,,,
667044045,00001M16:31:10.027,0001 15:53:40,,,273.43,,,
667044046,00001M16:31:11.000,0001 15:53:41,,,273.46,,,
667044047,00001M16:31:11.973,0001 15:53:42,,,273.43,,,
667044048,00001M16:31:12.947,0001 15:53:43,,,273.44,,,
667044049,00001M16:31:13.920,0001 15:53:44,,,273.44,,,
667044050,00001M16:31:14.893,0001 15:53:45,,,273.43,,,
667044051,00001M16:31:15.866,0001 15:53:46,,,273.41,,,
667044052,00001M16:31:16.840,0001 15:53:47,,,273.43,,,
667044053,00001M16:31:17.813,0001 15:53:48,,,273.47,,,
667044054,00001M16:31:18.786,0001 15:53:49,,,273.47,,,
667044055,00001M16:31:19.759,0001 15:53:50,,,273.39,,,
667044056,00001M16:31:20.733,0001 15:53:51,,,273.48,,,
667044057,00001M16:31:21.706,0001 15:53:52,,,273.46,,,
667044058,00001M16:31:22.679,0001 15:53:53,,,273.46,,,
667044059,00001M16:31:23.652,0001 15:53:54,,,273.43,,,
667044060,00001M16:31:24.626,0001 15:53:55,,,273.41,,,
667044061,00001M16:31:25.599,0001 15:53:56,,,273.48,,,
667044062,00001M16:31:26.572,0001 15:53:57,,,273.46,,,
667044063,00001M16:31:27.545,0001 15:53:58,,,273.47,,,
667044064,00001M16:31:28.519,0001 15:53:59,,,273.42,,,
667044065,00001M16:31:29.492,0001 15:54:00,,,273.43,,,
667044066,00001M16:31:30.465,0001 15:54:00,,,273.43,,,
667044067,00001M16:31:31.438,0001 15:54:01,,,273.44,,,
667044068,00001M16:31:32.412,0001 15:54:02,,,273.45,,,
667044069,00001M16:31:33.385,0001 15:54:03,,,273.46,,,
667044070,00001M16:31:34.358,0001 15:54:04,,,273.48,,,
667044071,00001M16:31:35.331,0001 15:54:05,,,273.40,,,
667044072,00001M16:31:36.305,0001 15:54:06,,,273.42,,,
667044073,00001M16:31:37.278,0001 15:54:07,,,273.39,,,
667044074,00001M16:31:38.251,0001 15:54:08,,,273.43,,,
667044075,00001M16:31:39.224,0001 15:54:09,,,273.42,,,
667044076,00001M16:31:40.198,0001 15:54:10,,,273.49,,,
667044077,00001M16:31:41.171,0001 15:54:11,,,273.43,,,
667044078,00001M16:31:42.144,0001 15:54:12,,,273.43,,,
667044079,00001M16:31:43.117,0001 15:54:13,,,273.39,,,
667044080,00001M16:31:44.091,0001 15:54:14,,,273.40,,,
667044081,00001M16:31:45.064,0001 15:54:15,,,273.46,,,
667044082,00001M16:31:46.037,0001 15:54:16,,,273.43,,,
667044083,00001M16:31:47.010,0001 15:54:17,,,273.43,,,
667044084,00001M16:31:47.984,0001 15:54:18,,,273.42,,,
667044085,00001M16:31:48.957,0001 15:54:19,,,273.43,,,
667044086,00001M16:31:49.930,0001 15:54:20,,,273.41,,,
667044087,00001M16:31:50.903,0001 15:54:21,,,273.36,,,
667044088,00001M16:31:51.877,0001 15:54:22,,,273.43,,,
667044089,00001M16:31:52.850,0001 15:54:23,,,273.41,,,
667044090,00001M16:31:53.823,0001 15:54:24,,,273.38,,,
667044091,00001M16:31:54.796,0001 15:54:25,,,273.36,,,
667044092,00001M16:31:55.770,0001 15:54:26,,,273.41,,,
667044093,00001M16:31:56.743,0001 15:54:27,,,273.46,,,
667044094,00001M16:31:57.716,0001 15:54:28,,,273.40,,,
667044095,00001M16:31:58.689,0001 15:54:29,,,273.42,,,
667044096,00001M16:31:59.663,0001 15:54:30,,,273.47,,,
667044097,00001M16:32:00.636,0001 15:54:31,,,273.40,,,
667044098,00001M16:32:01.609,0001 15:54:32,,,273.45,,,
667044099,00001M16:32:02.582,0001 15:54:33,,,273.43,,,
667044100,00001M16:32:03.556,0001 15:54:34,,,273.41,,,
667044101,00001M16:32:04.529,0001 15:54:35,,,273.46,,,
667044102,00001M16:32:05.502,0001 15:54:36,,,273.43,,,
667044103,00001M16:32:06.475,0001 15:54:37,,,273.43,,,
667044104,00001M16:32:07.449,0001 15:54:37,,,273.36,,,
667044105,00001M16:32:08.422,0001 15:54:38,,,273.44,,,
667044106,00001M16:32:09.395,0001 15:54:39,,,273.43,,,
667044107,00001M16:32:10.368,0001 15:54:40,,,273.44,,,
667044108,00001M16:32:11.342,0001 15:54:41,,,273.41,,,
667044109,00001M16:32:12.315,0001 15:54:42,,,273.42,,,
667044110,00001M16:32:13.288,0001 15:54:43,,,273.42,,,
667044111,00001M16:32:14.261,0001 15:54:44,,,273.36,,,
667044112,00001M16:32:15.235,0001 15:54:45,,,273.39,,,
667044113,00001M16:32:16.208,0001 15:54:46,,,273.37,,,
667044114,00001M16:32:17.181,0001 15:54:47,,,273.38,,,
667044115,00001M16:32:18.154,0001 15:54:48,,,273.41,,,
667044116,00001M16:32:19.128,0001 15:54:49,,,273.44,,,
667044117,00001M16:32:20.101,0001 15:54:50,,,273.34,,,
667044118,00001M16:32:21.074,0001 15:54:51,,,273.37,,,
667044119,00001M16:32:22.047,0001 15:54:52,,,273.37,,,
667044120,00001M16:32:23.021,0001 15:54:53,,,273.38,,,
667044121,00001M16:32:23.994,0001 15:54:54,,,273.36,,,
667044122,00001M16:32:24.967,0001 15:54:55,,,273.34,,,
667044123,00001M16:32:25.940,0001 15:54:56,,,273.41,,,
667044124,00001M16:32:26.914,0001 15:54:57,,,273.33,,,
667044125,00001M16:32:27.887,0001 15:54:58,,,273.33,,,
667044126,00001M16:32:28.860,0001 15:54:59,,,273.36,,,
667044127,00001M16:32:29.833,0001 15:55:00,,,273.39,,,
667044128,00001M16:32:30.807,0001 15:55:01,,,273.38,,,
667044129,00001M16:32:31.780,0001 15:55:02,,,273.43,,,
667044130,00001M16:32:32.753,0001 15:55:03,,,273.38,,,
667044131,00001M16:32:33.726,0001 15:55:04,,,273.42,,,
667044132,00001M16:32:34.700,0001 15:55:05,,,273.35,,,
667044133,00001M16:32:35.673,0001 15:55:06,,,273.35,,,
667044134,00001M16:32:36.646,0001 15:55:07,,,273.36,,,
667044135,00001M16:32:37.619,0001 15:55:08,,,273.37,,,
667044136,00001M16:32:38.593,0001 15:55:09,,,273.33,,,
667044137,00001M16:32:39.566,0001 15:55:10,,,273.37,,,
667044138,00001M16:32:40.539,0001 15:55:11,,,273.38,,,
667044139,00001M16:32:41.512,0001 15:55:12,,,273.41,,,
667044140,00001M16:32:42.486,0001 15:55:13,,,273.32,,,
667044141,00001M16:32:43.459,0001 15:55:13,,,273.33,,,
667044142,00001M16:32:44.432,0001 15:55:14,,,273.39,,,
667044143,00001M16:32:45.405,0001 15:55:15,,,273.39,,,
667044144,00001M16:32:46.379,0001 15:55:16,,,273.37,,,
667044145,00001M16:32:47.352,0001 15:55:17,,,273.42,,,
667044146,00001M16:32:48.325,0001 15:55:18,,,273.35,,,
667044147,00001M16:32:49.299,0001 15:55:19,,,273.36,,,
667044148,00001M16:32:50.272,0001 15:55:20,,,273.39,,,
667044149,00001M16:32:51.245,0001 15:55:21,,,273.31,,,
667044150,00001M16:32:52.218,0001 15:55:22,,,273.31,,,
667044151,00001M16:32:53.192,0001 15:55:23,,,273.39,,,
667044152,00001M16:32:54.165,0001 15:55:24,,,273.39,,,
667044153,00001M16:32:55.138,0001 15:55:25,,,273.42,,,
667044154,00001M16:32:56.111,0001 15:55:26,,,273.38,,,
667044155,00001M16:32:57.085,0001 15:55:27,,,273.42,,,
667044156,00001M16:32:58.058,0001 15:55:28,,,273.36,,,
667044157,00001M16:32:59.031,0001 15:55:29,,,273.30,,,
667044158,00001M16:33:00.004,0001 15:55:30,,,273.36,,,
667044159,00001M16:33:00.978,0001 15:55:31,,,273.31,,,
667044160,00001M16:33:01.951,0001 15:55:32,,,273.31,,,
667044161,00001M16:33:02.924,0001 15:55:33,,,273.40,,,
667044162,00001M16:33:03.897,0001 15:55:34,,,273.35,,,
667044163,00001M16:33:04.871,0001 15:55:35,,,273.34,,,
667044164,00001M16:33:05.844,0001 15:55:36,,,273.33,,,
667044165,00001M16:33:06.817,0001 15:55:37,,,273.31,,,
667044166,00001M16:33:07.790,0001 15:55:38,,,273.32,,,
667044167,00001M16:33:08.764,0001 15:55:39,,,273.35,,,
667044168,00001M16:33:09.737,0001 15:55:40,,,273.35,,,
667044169,00001M16:33:10.710,0001 15:55:41,,,273.36,,,
667044170,00001M16:33:11.683,0001 15:55:42,,,273.34,,,
667044171,00001M16:33:12.657,0001 15:55:43,,,273.38,,,
667044172,00001M16:33:13.630,0001 15:55:44,,,273.36,,,
667044173,00001M16:33:14.603,0001 15:55:45,,,273.36,,,
667044174,00001M16:33:15.576,0001 15:55:46,,,273.36,,,
667044175,00001M16:33:16.550,0001 15:55:47,,,273.37,,,
667044176,00001M16:33:17.523,0001 15:55:48,,,273.40,,,
667044177,00001M16:33:18.496,0001 15:55:49,,,273.41,,,
667044178,00001M16:33:19.469,0001 15:55:50,,,273.33,,,
667044179,00001M16:33:20.443,0001 15:55:50,,,273.34,,,
667044180,00001M16:33:21.416,0001 15:55:51,,,273.30,,,
667044181,00001M16:33:22.389,0001 15:55:52,,,273.37,,,
667044182,00001M16:33:23.362,0001 15:55:53,,,273.36,,,
667044183,00001M16:33:24.336,0001 15:55:54,,,273.36,,,
667044184,00001M16:33:25.309,0001 15:55:55,,,273.36,,,
667044185,00001M16:33:26.282,0001 15:55:56,,,273.32,,,
667044186,00001M16:33:27.255,0001 15:55:57,,,273.33,,,
667044187,00001M16:33:28.229,0001 15:55:58,,,273.37,,,
667044188,00001M16:33:29.202,0001 15:55:59,,,273.29,,,
667044189,00001M16:33:30.175,0001 15:56:00,,,273.29,,,
667044190,00001M16:33:31.148,0001 15:56:01,,,273.34,,,
667044191,00001M16:33:32.122,0001 15:56:02,,,273.31,,,
667044192,00001M16:33:33.095,0001 15:56:03,,,273.39,,,
667044193,00001M16:33:34.068,0001 15:56:04,,,273.38,,,
667044194,00001M16:33:35.041,0001 15:56:05,,,273.35,,,
667044195,00001M16:33:36.015,0001 15:56:06,,,273.32,,,
